등록번호,책제목,저자,청구기호
1,서점을 둘러싼 희망. ,문희언 지음,_012.96_문97ㅅ__
2,"10대, 꿈을 이루기 위한 성장 매뉴얼. ",이충호 지음,_199.5_이85ㅅ__
3,(합격을 보장하는)똑똑한 공부법. ,와다 히데키 지음,_373.4_와22ㄸ__
4,질투의 정치. ,히라이 가즈오미 저,_340.913_히292ㅈ__
5,하이쿠 이풍 : 강필중 시집. ,강필중 지음,_811.6_강898ㅎ__
6,"내 인생을 바꾸는 힘, 내면아이. ",오수아 지음,_598.1_오56ㄴ__
7,책과 바람나다 : 도서관 책모임이 협동조합 카페를 열다. ,독서동아리 책바람 지음,_029.83_독54ㅊ__
8,늦게 결혼했어도 행복하게 사는 기술. ,정세복 지음,_591.8_정54ㄴ__
9,내 삶에 넘치는 하나님의 선물. ,정혜원 지음,_234.8_정94ㄴ__
10,부모의 생각혁명 : 부모의 생각이 천재를 낳는다. ,강석훈 지음,_378.9_강54ㅂ__
11,속도가 빨라지는 역전 공부법 : 공부란 빠른 속도의 반복이다. ,이형준 지음,_373.4_이94ㅅ__
12,하늘아래 가장 큰 사람 : 한글세대를 위한 소설 : 공자. ,서정기,_813.624_서74ㅎ__
13,크라우드 서핑 : 인터넷 군중을 이끄는 마케팅. ,마틴 토마스 지음,_326.16_토32ㅋ__
14,하나님 이제 남 눈치 보지 않고 나답게 살겠습니다 : 내일이 없을지도 모른다는 사실을 알고 인생을 깨달았다(b). ,김순길 지음,_234.8_김56ㅎ__
15,주식투자 스타트 : 하루 강의로 성공 투자 원칙의 씨를 뿌려라. ,아라이 아키라 지음,_476.04_아878ㅈ__
16,수호지. ,시내암 지음,_823.5_시193ㅅ__
17,그래서 살다보면 세상은 아름답다 : 영혼을 울리는 가장 감동적인 이야기. ,이충호 지음,_818_이85ㄱ__
18,헬로 뉴욕 : 뉴욕시 다섯 자치구에 띄우는 그림 편지. ,줄리아 로스먼 지음,_844_로57ㅎ__
19,"팔순 바이크, 만리장성을 넘다.하 : 신 열하일기. ",이용태 지음,_981.202_이65ㅍ_2_
20,"팔순 바이크, 만리장성을 넘다.상 : 신 서유기. ",이용태 지음,_981.202_이65ㅍ_1_
21,한국 근현대미술 감정 10년 : 한국미술품감정평가원 10주년 기념. ,한국미술품감정평가원 편,_607.8_한16ㅎ__
22,대한민국에서 사장이 된다는 것. ,최태영 지음,_325.21_최883ㄷ__
23,삼국지 : 큰방에서 추천하는 중국 역사소설. ,나관중 원작,_823.5_나15ㅅ__
24,공부에 미쳐서 내가 얻은 것은 서울대 합격이었다 : 명문대 합격을 위한 자기주도형 공부법과 입시전략. ,김수호 지음,_373.4_김56ㄱ__
25,부캐로 돈 버는 시대 : 당신은 부캐를 갖고 있나요?. ,최용규 지음,_325.04_최65ㅂ__
26,대한민국 지표산물 : 지리적표시 농림수축산물 총람. ,신완섭 지음,_522.3_신65ㄷ__
27,"박근혜, 한국 최초 여성 대통령 : 박근혜. ",강요식 지음,_340.99_강65ㅂ__
28,삶에 드리운 그림자일지라도. ,이신화 지음,_814.6_이58ㅅ__
29,공감 : 힐링과 치유를 위한 에세이. ,김한수 지음,_199.1_김92ㄱ__
30,(논리를 키워주는)수학교실. ,오다 도시히로 지음,_410_오22ㅅ__
31,국제결혼 잘하는 8가지 방법. ,김표영 지음,_332.22_김895ㄱ__
32,나는 당신이 스트레스 없이 살았으면 좋겠습니다. ,안드레 지음,_189.1_안27ㄴ__
33,운명을 바꾸는 365일 : 마음편. ,이종명 지음,_189_이75ㅇ__
34,비만은 중독이다. ,한창우 지음,_513.398_한82ㅂ__
35,"(평생 시력 결정하는)눈 운동의 기적 : 집중력, 두뇌 발달 좌우하는 시력 UP. ",유영희 지음,_515.7_유64ㄴ__
36,여자 리셋 : 숨기지 않을 용기 우아하고 당당하게. ,윤금서 지음,_818_윤17ㅇ__
37,마이 비즈니스 : 비즈니스 생산성 향상하기. ,김동환 지음,_325.04_김25ㅁ__
39,당신이 얼마나 잘하는가는 문제가 아니다 얼마나 잘하고 싶어 하는지가 문제다. ,폴 아덴 지음,_325.04_아24ㄷ__
40,엄마 팔자는 뒤웅박 팔자 : 헛소리 깨부시기. ,다이애나 킴 지음,_818_킴22ㅇ__
41,"선생님 아빠, 아이에게 주고 싶은 단 하나의 힘. ",김민경 지음,_598.1_김38ㅅ__
42,내 마음을 챙기고 싶습니다 : 위로와 지혜가 필요한 당신에게 전하고 싶은 이야기. ,김한수 지음,_199.1_김92ㄴ__
43,나를 담은 이야기가 콘텐츠가 되다. ,이주연 외 지음,_818_이76ㄴ__
44,오늘도 마침표 하나 : 작은 하루에 의미를 담아. ,송숙현 외 지음,_818_송56ㅇ__
45,앙코르 인 캄보디아.2 - 고대 도시를 찾아서.1. ,유목민루트 지음,_981.4302_유35ㅇ_2_
46,더 파이브 : 더 나은 삶을 위한 다섯 가지 원칙. ,김한송 [외] 지음,_325.04_김92ㄷ__
47,농담(濃淡)따먹기 - 미다스 글벗시선.02. ,김의준 지음,_811.6_김67ㄴ__
48,내 삶을 만나러 오늘도 오른다. ,김용경 지음,_814.6_김65ㄴ__
49,세 아이를 키우는 워킹맘의 행복한 육아 이야기. ,최지오 지음,_598.104_최78ㅅ__
50,"(건강, 명예, 재물운을 부르는)만사형통 생활풍수. ",박태국 지음,_188.4_박883ㅁ__
51,지나간 시간에 안부를 묻다 : 인생의 사계절. ,홍미영 지음,_818_홍38ㅈ__
52,DJ암살작전 : 민주주의와 파멸적 독재권력과의 대충돌. ,나카조노 에이스케 지음,_833.6_나872ㄷ__
53,"엄마의 꿈은 거실에서 이루어졌다 : 좋은 엄마, 좋은 사람, 좋은 나 자신!. ",신은정 지음,_199.1_신67ㅇ__
54,누구나 이유 없이 행복해질 수 있다. ,최유진 지음,_199.1_최66ㄴ__
55,인간관계에도 가지치기가 필요하다. ,손효정 지음,_189.2_손95ㅇ__
56,나는 쌀장사가 천직이다 : 20년차 자영업자가 던지는 삶과 미래에 대한 질문. ,하재윤 지음,_325.211_하73ㄴ__
57,두드림 북노트 : 아이 러브 바이블. ,신동운 지음,_001.3_신25ㄷ__
58,무라카미 하루키에게 답함 : 방민호 첫 소설집. ,방민호 지음,_813.6_방38ㅁ__
59,(내 아이 부자로 키우는)엄마의 경제 수업. ,주은숙 지음,_327.04_주67ㅇ__
60,"색, 샤라쿠 : 김재희 장편소설. ",김재희 지음,_813.6_김73ㅅ__
61,상처주지 않고 상처받지 않는 관계의 기술. ,손효정 지음,_189.2_손95ㅅ__
62,당신의 인간관계를 정리해드립니다 : 착한 사람이 아닌 현명한 사람이 되라. ,임성준 지음,_189_임54ㄷ__
63,(성경에서 찾은)더 크게 성공하는 법. ,강훈 지음,_234.8_강96ㄷ__
64,"손금이 운명이다 : 돈, 사람, 성공이 따르는 손 안의 빛나는 비밀. ",심보리 지음,_188.2_심45ㅅ__
65,영업 갑부 : 세상 모든 영업인들의 목표 달성과 행복한 삶을 위하여. ,권태호 지음,_326.16_권883ㅇ__
66,전세금으로 살고 싶은 단독주택 짓기. ,정수옥 지음,_610_정56ㅈ__
67,영업에서 내가 알게 된 것들. ,박영민 지음,_326.16_박64ㅇ__
68,나는 행복한 엄마 창업가입니다. ,강진애 지음,_325.1_강78ㄴ__
69,회사는 당신의 미래를 책임지지 않는다 : 은퇴를 10년 앞당기는 노후 미래 설계 프로젝트. ,정진호 지음,_591.9_정78ㅎ__
70,올케언니 : 고사리 장편소설. ,고사리 지음,_813.6_고52ㅇ__
71,성공을 꿈꾸는 美친 여자들의 반란 : 5인 5색 끝없는 열정을 말하다!. ,강사라 외 지음,_325.04_강52ㅅ__
72,무기력과 평생 거리두기 하는 법. ,하보 지음,_189_하45ㅁ__
73,나는 시련을 통해 인생을 배웠다. ,전종배 지음,_325.04_전75ㄴ__
74,내 아이만큼은 나와 다른 삶을 살기를 바란다. ,주하영 지음,_598.1_주92ㄴ__
75,다정하게 때로는 단호하게. ,김아름 지음,_199.1_김62ㄷ__
76,위대한 개츠비 - 스타 에센스 클래식. ,프랜시스 스콧 피츠제럴드 지음,_843_피85ㅇ__
77,2030 직장생활 지침서 : 직장인다움. ,김희영 지음,_325.04_김97ㅇ__
78,"드라큘라 맨 : 혹은, 로트레아몽 백작. ",원재훈 지음,_813.6_원73ㄷ__
79,소리는 같아도 뜻이 다른 동음이의어. ,김진남 지음,_711.47_김78ㅅ__
80,펀드로 부자된 사람들의 비밀. ,21세기재테크연구소 엮음,_327.856_이58ㅍ__
81,지혜로 세상열어가기. ,이언호 옮김,_199.1_이64ㅈ__
82,돌아올 수 없는 죽음 : 샬레인 해리스 장편소설) - 수키 스택하우스 시리즈. ,샬레인 해리스 지음,_843_해298ㄷ__
83,"아직 끝나지 않았다 : 비교할 수 없는 한 사람, 그 분이 있기에. ",이태형 지음,_234_이883ㅇ__
84,아들 남자로 키우기. ,메그 미커 지음,_598.1_미874ㅇ__
85,대예언. ,도성 지음,_187.3_도54ㄷ__
86,사람에 기대어 서다. ,최귀순 지음,_814.6_최16ㅅ__
87,민황 : 화자(花子)의 바람. ,정원 지음,_813.6_정66ㅁ__
88,갠지스강 블루스 | 문예바다 시선. ,신승운 지음,_811.7_신57ㄱ__
89,詩歌 흐르는 서울 - 월간 동인시집.제17호(2018년 05월 12일). ,[문예출판 편집부 지음],_811.6_문64詩__
90,피넛 버터와 오후의 코끼리 : 이용준 소설집 - 이용준 소설집.2. ,이용준 지음,_813.6_이65ㅍ__
91,인격 확립의 초월성. ,이계학,_150_이14ㅇ__
92,착한 이기주의자 선언 : 당신의 호의에도 가시가 필요하다. ,김수연 지음,_199.1_김56ㅊ__
93,엄마가 바람났다 : 엄마는 어떻게 삶의 주인이 되는가. ,박정진 지음,_199.1_박74ㅇ__
94,이세 이야기. ,구정호 역주,_833.209_구74ㅇ__
95,행복한 사람들의 12가지 비결. ,김신웅 지음,_199.1_김58ㅎ__
96,나를 조각하는 5가지 방법 : 위기에 대처하는 나 찾기의 힘. ,이나겸 지음,_325.04_이192ㄴ__
97,"다시, 설레기 시작했다 : 시작하기 좋은 나이, 오십. ",박미희 지음,_199.6_박38ㄷ__
98,외국인 친구 사귀면서 공짜로 영어공부하는 법. ,주무헌 지음,_740.7_주36ㅇ__
99,관계를 회복하는 중입니다. ,강훈 지음,_189.2_강96ㄱ__
100,소소한 일상 특별한 행복. ,성유진 지음,_818_성66ㅅ__
101,골든 미얀마. ,서성호 글,_914.5_서54ㄱ__
102,바람과 세월의 고독 - 정명숙에세이셀렉션.1. ,정명숙 지음,_814.6_정34ㅂ__
103,내 마음의 山岡莊八 : 그리운 외삼촌을 회상하며(b). ,야마우치 타케오 지음,_833.6099_야32ㄴ__
104,너 자신의 운명을 알라. ,손도사 지음,_188_손25ㄴ__
105,갓생사는 엄마들 : 매일 다섯 시를 두 번 만나. ,염희진 지음,_325.04_염97ㄱ__
106,틈 : 컬처 마케터 황인선의 생각 전략. ,황인선 지음,_199.5_황68ㅌ__
107,"여자, 에세이를 만날 때. ",최연우 [외] 지음,_818_최64ㅇ__
108,늦된 아이도 반드시 성장합니다. ,송희진 지음,_598.104_송97ㄴ__
109,뜻을 품은 사람이 길을 만든다. ,김형준 외 저,_818_김94ㄸ__
110,울림산방 가는 길. ,사진 글: 이서현,_668_이54ㅇ__
111,행복한 수업 : 개콘 웃음 군단의 가슴 찡한 성장기. ,명로진 지음,_818_명295ㅎ__
112,"지금 당장, 행복해야 합니다 : 행복해지고 싶은 당신에게 전하는 마음의 편지. ",이선화 지음,_818_이54ㅈ__
113,책 속의 유럽 아트북 페어. ,홍주희 지음,_012.9_홍76ㅊ__
114,부탄 - 오딧세이 월드.2. ,단정석 글,_981.583_단74ㅂ__
115,미워말고 용서해봐 - 정명숙에세이셀렉션.2. ,정명숙 지음,_814.6_정34ㅁ__
116,허무와 운명의 시간 - 정명숙에세이셀렉션. ,정명숙 지음,_814.6_정34ㅎ__
117,제로 : 아무것도 없는 나에게 작은 하나를 더해간다. ,호리에 다카후미 지음,_325.099_호298ㅈ__
118,한일 양국어 형용사 연구. ,고은숙 지음,_701_고67ㅎ__
119,한용원 : 韓鎔源 회고록 제2부. ,한용원 [저],_390.99_한65ㅎ__
121,키키와 순임의 대모험.하. ,김일동 글·그림,_818_김68ㅋ_하_
122,키키와 순임의 대모험.상. ,김일동 글·그림,_818_김68ㅋ_상_
123,긍정의 손끝으로 세상을 요리하라. ,박효남 지음,_594.04_박95ㄱ__
124,수컷의 공간. ,김용규 지음,_818_김65ㅅ__
125,흔적 : 파독1세대 신앙고백과 삶의 기록들. ,박경란 지음,_231.8_박14ㅎ__
126,"정년 후, 어떻게 살 것인가 : 품위 있고 보람 있는 노년을 위하여. ",이충호 지음,_199.7_이85ㅈ__
127,월드 베스트 디지털 마케팅 어워드 40. ,다미안 라이언 지음,_326.165_라68ㅇ__
128,아이를 보면 부모가 보인다 : 90년생 학부모가 온다. ,박경숙 지음,_598.1_박14ㅇ__
129,가능성은 등가 교환에 있다. ,김정세 지음,_189.1_김74ㄱ__
130,"그려지는 대로, 칠해지는 대로. ",널리유 지음,_802_널298ㄱ__
131,울림 : 신현준 에세이. ,신현준 지음,_814.6_신94ㅇ__
132,살리는 남자 : 의미있는 삶을 살아야 한다. ,정택수 지음,_184.7_정883ㅅ__
133,감정을 이해하면 저절로 알게 되는 것들 : 자신을 사랑하는 법. ,김희옥 지음,_181.7_김97ㄱ__
134,남편대신 출근하는 워킹맘 Working Mom입니다. ,장정은 지음,_325.04_장74ㄴ__
135,인생의 단무지 법칙 : 16년 자기계발 스토리. ,행운둥빠 지음,_325.04_행66ㅇ__
136,벼랑 끝에 서 있어도 잊지 말아야 할 5가지. ,김홍선 지음,_818_김95ㅂ__
137,변화와 개혁의 등불 : 다산의 탁월한 시대정신. ,진규동 엮음,_151.581_진16ㅂ__
138,고성장 기업의 7가지 비밀 : 그들은 어떻게 두 자리 수 매출 성장을 유지하는가. ,데이비드 G .톰슨 지음,_325.1_톰57ㄱ__
139,일본인이 바라본 다종교사회 : 다종교사회와 국민통합을 위한 과제. ,호리우치 가즈노부 지음,_210_가77ㅇ__
140,전통 예교와 시민 윤리. ,한형조 지음,_194.1_한94ㅈ__
141,(꿈과 희망을 나르는)해피 버스 데이. ,김병욱 지음,_818_김44ㅎ__
142,마더 : 한 번쯤 당신의 이야기를 쓰고 싶었습니다. ,김성신 [외]지음,_818_김54ㅁ__
143,"언택트시대의 초등공부, DIY가 답이다 : 스스로 공부하는 아이로 키우는 법. ",우영식,_373.4_우64ㅇ__
144,(부모와 아이의)마음을 잇는 대화. ,이주연 외 지음,_598.1_이76ㅁ__
145,나는 마인드맵퍼가 되기로 했다. ,오소희 외 9인 지음,_325.04_오55ㄴ__
146,인생을 쇼핑하는 남자 : 라이프 쇼퍼 효과 - 나는 내 삶을 선택하기로 했다. ,이시헌 지음,_325.04_이58ㅇ__
147,강박 나의 무기 : 멈추지 않는 삶을 위하여. ,서대호 지음,_513.8522_서23ㄱ__
148,"(하루 10분)틈새 육아 법칙 : 하루 10분, 내 아이와의 놀이로 행복해졌다. ",윤정란 지음,_598.1_윤74ㅌ__
149,앱솔루트 땡큐 : 감사로 달라진 45가지 인생 이야기. ,김성신 [외] 지음,_818_김54ㅇ__
150,(사교육 대신 돈 교육하는 엄마의)자본주의 키즈 이야기. ,황혜민 지음,_327.04_황94ㅈ__
151,회사 다녀오겠습니다 : 평범한 직장인의 회사 생활 분투기. ,이용준 지음,_818_이65ㅎ__
152,(당신을 위한)육아 나침반 : 죄책감에 길을 잃은 엄마들을 위한 육아 솔루션. ,조영애 지음,_598.1_조64ㅇ__
153,내 인생의 오케스트라. ,김현용 지음,_814.6_김94ㄴ__
154,아내를 죽였습니까. ,퍼트리샤 하이스미스 지음,_843_하68ㅇ__
155,치명적 이유 - 버티고 시리즈. ,이언 랜킨 지음,_843_랜878ㅊ__
156,이빨 자국 : 존 리버스 컬렉션 - 버티고 시리즈. ,이언 랜킨 지음,_843_랜878ㅇ__
157,관조의 시학 : 장현경 평론집. ,지은이: 장현경,_811.09_장94ㄱ__
158,20 부자가 20 청춘에게 : 세계 최고의 CEO들이 젊은이에게 전하는 성공비법. ,명로진 지음,_325.04_명295ㅇ__
159,성전이신 그리스도. ,지은이: 윤성노,_235.2_윤54ㅅ__
160,(근대 초기 서양인의)순수 한국 시가 탐색과 인식. ,송민규 지음,_811.309_송38ㅅ__
161,깨우침 : 조사스님들의 선이야기. ,석다정 엮음,_224.2_석22ㄲ__
162,"엄마표 영어 완전 정복 : 영어울렁증, 엄마가 해냈다!. ",김윤경 지음,_740.7_김66ㅇ__
163,주황색 다이어리 : 스기하라 사야카·19세 봄 - 스기하라 사야카 시리즈.5. ,아카가와 지로 지음,_833.6_아872ㅈ__
164,(제국의 건설자)이사 - 고대중국인이야기.1. ,이연승 지음,_340.99_이64ㅇ__
165,나의 인생을 즐기는 맞춤형 재테크. ,김환배 지음,_327.83_김95ㄴ__
166,성공은 바보다 : 성공을 부르는 5가지 습관. ,고환택 지음,_325.04_고95ㅅ__
167,카피라이터처럼 소통하라 : SNS 시대 공감과 설득의 글쓰기. ,소영미 지음,_802_소64ㅋ__
168,"우리 아이 영어 지금 시작합니다 : 7세부터 14세까지, 행복한 영어 공부 비법. ",이도현 지음,_740.7_이25ㅇ__
169,경제생태계 보호 : 크레이그 토머스의 통찰력 있는 서민경제 생존법. ,크레이그 토머스 지음,_320.1_토34ㄱ__
171,헬로! 카이. ,윤의원 지음,_813.6_윤67ㅎ__
172,그리스 신화 속 7여신이 알려주는 나의 미래. ,김대웅 지음,_337.04_김23ㄱ__
173,그래도 계속 살아 : 다시 행복해지기 두려운 당신에게. ,크리스티아네 추 잘름 지음,_199.1_잘297ㄱ__
174,천사의 알. ,무라야마 유카 지음,_833.6_무292ㅊ__
175,(별순검 수사일지)투정여화 - 별순검 수사일지. ,여설하 지음,_813.6_여54ㅌ__
176,국수사전 : 아름다운 조선말. ,김성동 지음,_813.6_김54ㄱ__
177,시련은 축복이었습니다 : 방황과 절망의 빛나는 미래로 바꾼 여행의 마법. ,현혜 박혜정 지음,_325.04_박94ㅅ__
178,꿈을 묻는 10대에게 : 꿈이 있어 나는 오늘도 도전한다. ,김승연,_199.5_김57ㄲ__
179,우린 서로 따뜻하게 놓아주는 법을 배웠다. ,전우주 지음,_811.6_전66ㅇ__
180,인터널 코칭을 시작합니다. ,"김현지, 박상림",_325.04_김94ㅇ__
181,교토 인 재팬 : Kyoto in Japan | 고대 유적도시를 가다 3. ,이서훈 지음,_981.302_이54ㄱ__
182,내 안의 음란마귀 : 두 아재의 거시기하고 거시기한 썰(b). ,김봉석,_818_김45ㄴ__
183,후 이즈 힙스터? - B side.002. ,문희언 지음,_331.234_문97ㅎ__
184,매듭과 십자가. ,이언 랜킨 지음,_843_랜878ㅁ__
185,현실 + 꿈 + 유머. ,린타이이 지음,_820.99_린882ㅎ__
186,포클랜드 어장 가는 길 : 남서대서양 섹터 3.1 공해 해역 89일간의 조업 기록. ,최희철 지음,_529.452_최97ㅍ__
187,(수능점수 높여주는)운동법 ＆ 생활습관. ,조민해 지음,_517.32_조38ㅇ__
188,가족이 암에 걸렸을 때 : 대장암. ,마루야마 마사카즈 지음,_513.994357_마296ㄱ__
189,(마음을 치유해주는)유머의 힘. ,앨런 클라인 지음,_194.8_클292ㅇ__
190,"화지아, 짜이 날. ",전한서 지음,_813.6_전92ㅎ__
191,꽃빛에 젖어 그대 가슴에 안기고 싶은 날. ,안숙현 글·그림,_811.6_안56ㄲ__
192,벼락 맞은 김벼락. ,동화쓰는사람들 쓰고 그림,_813.8_동95ㅂ__
193,월드과학퍼즐. ,김영진 지음,_400_김64ㅇ__
194,감사의 편지 : 약손명가 이병철 회장에게 제자들이 보내는 사랑의 메세지. ,이병철 사부님의 제자들,_818_제72ㄱ__
195,소소한 일상에 행복 붙여넣기. ,노형욱 지음,_818_노94ㅅ__
196,"당신은 꽤 괜찮은 엄마입니다 : 엄마의 마음 성장, 그리고 꿈을 이루기까지. ",백진경 지음,_598.1_백78ㄷ__
197,강한 엄마 부드러운 질문 50가지. ,백미정 지음,_598.104_백38ㄱ__
198,오늘도 두 번째 하루를 살고 있습니다 : 이동기의 쉼표같은 영화 이야기. ,이동기 지음,_688.04_이25ㅇ__
199,"(베이비부머,)스타일 모르고 외식 창업 절대로 하지 마라. ",변상일 지음,_594.82_변52ㅅ__
200,고주몽성제에서 광개토대제까지 : 대제국고구려 백제 신라 가야 왜 5국역사기행. ,고준환 저,_911.02_고76ㄱ__
201,설악산 신흥사 - 한국의 명찰 시리즈 11. ,오경후,_226.911_오14ㅅ__
202,한일설화소설비교연구. ,박연숙 著,_800.09_박64ㅎ__
203,21세기 유토피아사회. ,구견서 저,_331.48_구14ㅇ__
204,앙코르 인 캄보디아 - 고대 유적도시를 가다.1. ,유목민루트 지음,_981.4302_유35ㅇ__
205,내 아이 독서 천재 만드는 비법 : 교육과 소통을 한번에 잡는 독서의 힘!(b). ,성실애 지음,_029.8_성58ㄴ__
206,기독교 콘서트 : 교양인이 알아야 할 기독교 2천 년의 스캔들과 진실(b). ,만프레트 뤼츠 지음,_230.9_뤼85ㄱ__
207,시간을 연주하라! : 시간의 조율사(b). ,김재길 지음,_325.2112_김73ㅅ__
208,핫세 언니의 자격증 육아.[1] : 이론편(p). ,김영희 저,_598.1_김64ㅎ_1_
209,(응답하라 베이비!)시대정신이 바뀌어야 우리가 산다. ,나치수 지음,_309.111_나86ㅅ__
210,우리 집 부자교육 : 부모와 아이가 함께하는 돈 공부(b). ,김진성 지음,_327.04_김78ㅇ__
211,리딩 퍼포먼스 : 책 읽는 여자들의 품격 있는 수다(b). ,최서연 외 지음,_029.83_최54ㄹ__
212,변화의 첫걸음은 선택이다. ,조수란 지음,_325.04_조56ㅂ__
213,인생을 낭비한 죄 : 직장인이 경제적 자유를 얻는 유일한 방법론(b). ,이치헌 지음,_325.1_이86ㅇ__
214,거인을 깨우는 사람들 : 성장을 돕는 작은 학원 CEO 이야기(p). ,김만수,_325.211_김32ㄱ__
215,사교육 없이도 잘만 큽니다 : 아직도 돈으로 키우려 합니까?(b). ,이경숙 지음,_378.9_이14ㅅ__
216,(하룻밤에 읽는)손자병법. ,이언호 지음,_152.27_이64ㅅ__
217,부동산 고수가 되려면 내공을 쌓아라. ,권혁기 지음,_327.8_권94ㅂ__
218,(인생을 바꾸는)습관혁명 리더십. ,정병태 지음,_325.04_정44ㅅ__
219,콘돌의 6일 - 버티고 시리즈. ,제임스 그레이디 지음,_843_그294ㅋ__
220,(삶을 변화시키는)메모의 기술. ,이영호 구성,_325.04_이64ㅁ__
221,(조선과학수사대)별순검. ,여설하 지음,_813.6_여54ㅂ__
222,(동양고전에서 발췌 풀어 엮은)고사성어대백과. ,로아스 365연구팀 엮음,_714.4_로62ㄱ__
223,"내가 몰랐던 정답 : 행복은 우리에게 소극적이지만, 잔인한 불행은 너무나도 적극적이다(b). ",박현진 지음,_818_박94ㄴ__
224,(성서를 이끈)아름다운 여인들. ,나오미 해리스 로젠블라트 지음,_233.099_로74ㅇ__
226,(평범한 일상을 기회로 바꾸는)내 안의 숨은 가치를 발견하라. ,최수민 지음,_199.1_최56ㄴ__
227,"나의 직업은 육아입니다 : 경단녀에서 작가가 된 엄마의 육아 극복기, 그리고 꿈 이야기(b). ",이고은 지음,_818_이15ㄴ__
228,치유의 숲길에서 나를 만나다. ,장이기 지음,_818_장68ㅊ__
229,삶이 글이 되는 순간. ,허지영 지음,_818_허78ㅅ__
230,안개꽃 이야기 : 한 부부의 삶에 켜켜이 스며있는 비범한 주님의 이야기(b). ,정현 지음,_818_정94ㅇ__
231,자존감 회복 마음톡톡 : 나의 역사 다시 쓰기(b). ,최진태 외 지음,_189.3_최78ㅈ__
232,연년생 아들 육아 : 눈에 뵈는 게 없다!(b). ,안현진 지음,_598.132_안94ㅇ__
233,욱하는 마음 다스리기 : 욱하는 순간을 넘기면 인생이 달라진다!(b). ,알루보물레 스마나사라 지음,_181.7_알296ㅇ__
234,내 삶에 새긴 문장들 : 좋은 말이 너무 많다(b). ,김주아 외 저,_818_김76ㄴ__
235,"부부, 대화가 필요한 사이 : 토닥토닥 공감 대화로 더욱 깊어진 부부들의 이야기(b). ",이주연 외 지음,_332.23_이76ㅂ__
236,100% 운명예언 : 인생 대박을 알려주는 운명정보 책!(b). ,손도사 지음,_188_손25ㅂ__
237,인간적인 책 : 풍부한 일화와 인물평 종합(b). ,여시동 지음,_911.063_여58ㅇ__
238,위험중독자들 : 최옥정 장편소설(b). ,최옥정 지음,_813.6_최65ㅇ__
239,직장인 브랜딩을 위한 황금 스펙의 모든 것. ,김인희 지음,_325.04_김68ㅈ__
240,(주식 폭락장을 이기는)다이아몬드 멘탈 가이드. ,김규환 저,_327.856_김16ㄷ__
241,"평생 돈벼락 운 : 누구나 1억, 10억, 100억 돈벼락 運 재테크(b). ",손재찬 著,_188_손73ㅍ__
242,오영국의 생명공식 : The good life at 150 - 200(b). ,오영국 지음,_512.57_오64ㅇ__
243,"현대시의 운명, 원치 않았던. ",오문석 지음,_810.906_오36ㅎ__
244,(대학이 절대 밝힐 수 없는)입학사정관제의 비밀 50. ,하영목 지음,_377.7_하64ㅇ__
245,조용한 房 있습니까 : 고사리 장편소설(b). ,고사리 지음,_813.6_고52ㅈ__
246,(꼭 알아두어야 할)상속의 모든 것 : 상속 사례 40(b). ,소네 게이코 지음,_365.6_소194ㅅ__
247,"당신에겐 당신만의 타이머가 있다 : 인생, 승부를 걸어야할 타이밍(b). ",김명심 지음,_325.04_김34ㄷ__
248,"넥타이 풀Go 배낭 메Go 남미로 Go! : 은퇴한 당신, 남미로 떠나라(b). ",임광민 지음,_985.02_임15ㄴ__
249,"마흔 살, 지금이 꿈을 사는 완벽한 타이밍이다 : 인생중반기에 꿈을 시작한 여성들을 위한 책(b). ",강사라 지음,_818_강52ㅁ__
250,좋아하는 것보다 잘하는 것에 승부를 걸어라 : 약손명가 김현숙대표의 남다른 이야기(b). ,김현숙 지음,_325.04_김94ㅈ__
251,퇴직 후 즐기는 삶. ,유중희 지음,_591.9_유76ㅌ__
253,향나무 베개를 베고 자는 잠 : 김용희 소설집(b) - 작가세계 소설.02. ,김용희 지음,_813.6_김65ㅎ__
255,키스방 이야기 : 그녀의 일기(b). ,나나로 지음,_818_나192ㅋ__
256,하늘과 바람과 별과 詩 : 윤동주 육필원고 사진판(b). ,윤동주 지음,_811.61_윤25ㅎ__
257,무심에서 감성으로 : 일상이 시가 되다(b) - 숨-시.4. ,임정희 [외]지음,_811.6_임74ㅁ__
258,사는 게 다 그래 : 쇼펜하우어 인생론(b). ,아르투어 쇼펜하우어 지음,_165.47_쇼894ㅅ__
259,(명화로 보는)그리스 로마 신화 : 신의 분노(b). ,토마스 불핀치 지음,_219.2_불898ㄱ__
260,죽을 것 같은 오늘 니체를 만나다. ,프리드리히 니체 지음,_165.77_니83ㅈ__
261,내 직업을 소개합니다.2 - 리얼 스토리.1. ,김옥진 외 지음,_336.24_김65ㄴ_2_
262,내 직업을 소개합니다.1 - 리얼 스토리.1. ,우경하 외 지음,_336.24_우14ㄴ_1_
263,일자리의 미래 : 왜 중산층의 직업이 사라지는가(b). ,엘렌 러펠 셸 지음,_321.524_셸64ㅇ__
264,거의 모든 것의 종말 : 과학으로 보는 지구 대재앙의 역사(b). ,밥 버먼 지음,_443.1_버34ㄱ__
265,보이지 않는 국가들 : 누가 세계의 지도와 국경을 결정하는가(b). ,조슈아 키팅 지음,_349_키888ㅂ__
266,에로티카 : 로마(b) - 에디션D 시리즈.12. ,이레네 카오 지음,_883_카65ㅇ__
267,에로티카 : 시칠리아(b) - 에디션D 시리즈.13. ,이레네 카오 지음,_883_카65ㅇ__
268,에로티카 : 베네치아(b) - 에디션D 시리즈.11. ,이레네 카오 지음,_883_카65ㅇ__
269,엘르 - 에디션D 시리즈.15. ,필립 지앙 지음,_863_지62ㅇ__
270,나를 찾아 헤메는 밤 : 한 줄의 글귀 안에서 내 안의 감성과 소통하기(b). ,이상민 씀,_818_이52ㄴ__
271,사람의 마음을 움직이는 기술 : 한계를 넘어 최고의 결과를 만드는 태도(b). ,스티브 심스 지음,_325.04_심57ㅅ__
272,(어린 왕자를 따라 간)생텍쥐페리 : 어린아이의 마음으로 세상을 보다(b). ,김대웅 지음,_863.09_김23ㅅ__
273,마음을 움직이는 글쓰기 : 사소해 보이는 사내 메모에서 업무상 중요한 제안서·보고서까지(b). ,바덴 운슨 지음,_325.484_운57ㅁ__
274,(성경에서 말하는)부와 행복을 끌어당기는 힘 : 성경은 부요함으로 가는 내비게이션이다(b). ,서병호 지음,_234.8_서44ㅂ__
275,리플리.3 : 리플리의 게임(p). ,퍼트리샤 하이스미스 지음,_843_하68ㄹ_3_
276,유망 이색 직업 : 직업을 선택하는 것은 인생을 선택하는 것(b). ,21세기재테크연구소 엮음,_321.55_이58ㅇ__
277,호랑이는 왜 바다로 갔나 : 윤대녕 장편소설(b) - 생각의 나무 우리소설.010 : 윤대녕. ,윤대녕 지음,_813.6_윤23ㅎ__
278,위로받고 싶은 날들 : 조재도 자전소설(b). ,조재도 지음,_818_조73ㅇ__
279,리플리.5 : 심연의 리플리(p). ,퍼트리샤 하이스미스 지음,_843_하68ㄹ_5_
280,생활 한자 단어 : [2字단어](b). ,김한진 엮음,_711.4_김92ㅅ__
281,대머리 혁명 : 발드 사피엔스(b). ,장정법 지음,_593.231_장74ㄷ__
282,60대! 변화와 성장에 미쳐라 : 내 삶을 바꾼 열정과 믿음의 힘(b). ,진계중 지음,_199.6_진14ㅇ__
283,초승달에서 보름달까지 멋진 내 인생 : 또 다른 내일의 여행을 꿈꾸며(b). ,홍성부 지음,_818_홍54ㅊ__
284,"속도를 줄이면 비로소 보이는 것들 : 인생, 조금 천천히 살기로 했다(b). ",김종태 외 지음,_199.1_김75ㅅ__
285,조금 다른 인생을 위한 프로젝트 : 책과 함께 성장한 우리의 조금 특별한 이야기(b). ,백란현 지음,_818_백292ㅈ__
286,환갑엔 유튜브 잔치 : 좌충우돌 환갑 유튜버 도전기(b). ,정성희 지음,_326.79_정54ㅎ__
287,(스테판 에셀의)참여하라 : 청년 시민운동가와의 대담(b). ,스테판 에셀 지음,_340.926_에54ㅊ__
288,월 스트리트에서 세상을 기록하다 : 로이터 통신 뉴욕 본사 최초 한국인 기자 이야기(b). ,문혜원 지음,_818_문94ㅇ__
289,밤하늘의 별을 그리며 : 금의자 시집(b) - 엘리트 시선.029. ,금의자 [지음],_811.6_금67ㅂ__
290,양지의 그녀. ,고시가야 오사무 지음,_833.6_고58ㅇ__
291,한 권으로 보는 권모술수 | 한권으로 보는 시리즈 (큰방) 7. ,이언호 지음,_199.9_이64ㅎ__
292,논어 - 슬기바다 특별보급판.01. ,공자 지음,_148.3_공72ㄴ__
293,아는것을 알고 있다면 : 작은 스승에게 배우는 지혜로움(b). ,변성우 지음,_325.04_변54ㅇ__
294,맘스 인디펜던스 : 아이를 키우며 나를 키웁니다(b). ,강원주 지음,_598.1_강66ㅁ__
295,스스로 크는 아이 더불어 사는 아이 : YMCA 아기스포츠단의 중심 교육 생각(b). ,이향미 외 글,_598.1_이93ㅅ__
296,사기본기. ,사마천 지음,_912.009_사32ㅅ__
297,(영알못이 알려주는)엄마표 영어공부법 : 엄마와 아이가 함께 성장하는 미라클 영어(b). ,이현주 지음,_740.7_이94ㅇ__
298,땅 투자 뜨거운 가슴으로 하라 : 부동산 해법 작은 땅에서 모색하라(b). ,노형준,_327.87_노94ㄸ__
300,만다린 어디서 왔는가 - 중국학술총서.18. ,변지원 지음,_720_변78ㅁ__
301,십팔사略략 - 한 권으로 읽는 시리즈. ,증선지 지음,_912_증54ㅅ__
302,하늘이 보낸 아이 : 始祖 文多省(b). ,한정 지음,_911.03_한74ㅎ__
304,내 집 마련은 부자로 가는 골든 티켓이다 : 귀화한 중국 동포가 알려주는 부동산 공부 안내서(b). ,최하윤 지음,_327.87_최92ㄴ__
305,패치워크문명의 이론 : 동아시아 관점의 새로운 문명관(b). ,황태연 지음,_331.5_황883ㅍ__
306,게임 잘하는 아이가 공부도 잘한다. ,이병준 지음,_598.1_이44ㄱ__
307,생명의 샘 햇빛이 좋다 : 김재삼 제2시집(b) - 엘리트 시선.32. ,김재삼 지음,_811.6_김73ㅅ__
308,누르 자한과 제한기르. ,로버트 카운터,_892.55_카66ㄴ__
309,"취업체인저, 진로취업컨설턴트 역량 4pick : 구직자가 먼저 보는 '나 중심의 취업' 필독서(b). ",양문석 지음,_325.33_양36ㅊ__
310,행복을 담은 마음그릇. ,조셉 존슨,_199.1_조54ㅎ__
311,앙코르 : 밀림에 묻힌 신전들(b). ,천자목 지음,_981.02_천72ㅇ__
312,모든 병의 근원은 뼈에서 시작된다!. ,김산,_513.73_김52ㅁ__
313,모르면 털린다. ,주대준 지음,_005.8_주23ㅁ__
314,"외식사업, 이것만 알면 사방천지 돈이다 : 창업의 성공과 실패(b). ",차길제 지음,_325.1_차18ㅇ__
315,"왜, 믿음의 주요 온전케 하시는 이인가? : 히브리서 강해(p). ",이재실 지음,_233.787_이73ㅇ__
316,국수.1 : 김성동 장편소설(b). ,김성동 지음,_813.6_김54ㄱ_1_
317,국수.2 : 김성동 장편소설(b). ,김성동 지음,_813.6_김54ㄱ_2_
318,국수.3 : 김성동 장편소설(b). ,김성동 지음,_813.6_김54ㄱ_3_
319,국수.4 : 김성동 장편소설(b). ,김성동 지음,_813.6_김54ㄱ_4_
320,국수.5 : 김성동 장편소설(b). ,김성동 지음,_813.6_김54ㄱ_5_
322,판타지 중국괴담. ,포송령 지음,_823.7_포55ㅍ__
323,(생활속의)고사성어 : 우리가 반드시 알아야 할 고사성어(b). ,김한진 지음,_714.4_김92ㄱ__
324,"수세식 똥, 재래식 똥 : 반짝이는 유년의 강가에서(b). ",윤중목 지음,_814.6_윤76ㅅ__
325,이야기 천자문. ,강영수 글·여해,_711.47_강64ㅇ__
326,독서리셋 : 인생을 변화시키는 독서의 힘(b). ,김용태 지음,_029_김65ㄷ__
329,(한 권으로 보는)사기열전. ,사마천 원저,_823.2_사32ㅅ__
330,(하룻밤에 읽는)초한지 - 큰방의 역사소설 시리즈.008. ,이언호 평역,_823.5_이64ㅊ__
331,(하룻밤에 읽는)조선과학수사대 별순검 : 조선과학수사대(b) - 큰방의 역사소설 시리즈.17. ,여설하 지음,_813.6_여54ㅈ__
332,나의 하루는 새벽 4시 30분에 감사로 시작된다. ,김유니 지음,_199.1_김66ㄴ__
334,촛불 이후 한국사회의 행방 : 왜 민주주의는 여전히 미완성인가?(b). ,강수돌 지음,_340.911_강56ㅊ__
336,누구를 선택할 것인가 : 대선후보 6인의 성격과 심리 분석(b). ,김만수 지음,_340.911_김32ㄴ__
337,二十一世紀의 國語文法 : 國語統辭構造硏究(b). ,申昌淳 지음,_715_신82ㅇ__
338,문제는 정치야 바보들아 : 젊음을 쭉정이로 만들지 말라!(b). ,박현재 지음,_340.4_박94ㅁ__
339,"여성, 문학으로 소통하다 : 1980년대 여성문학(b) - 한국어문화연구소 총서.5. ",한국어문학연구소 편,_810.9062_한16ㅇ__
341,일본어교육을 위한 오용 연구. ,조남성 지음,_730.7_조192ㅇ__
342,사랑일까?.4 : 이제 더 이상 당신을 아프게 하지 않을게요…(p). ,남지은 글,_813.6_남78ㅅ_4_
343,사랑일까?.3 : 이렇게 서로가 아픈데 그래도… 우리의 인연은 사랑일까요?(p). ,남지은 글,_813.6_남78ㅅ_3_
344,사랑일까?.2 : 당신의 슬픔을 내가 대신 느낀다면 사랑일까요?(p). ,남지은 글,_813.6_남78ㅅ_2_
345,사랑일까?.1 : 당신의 고통을 내가 대신 느낀다면 사랑일까요?(p). ,남지은 글,_813.6_남78ㅅ_1_
346,정상적인 생활 : 남궁문 장편소설(b). ,남궁문 지음,_813.6_남16ㅈ__
348,아들 남자로 키우기. ,메그 미커 지음,_598.1_미874ㅇ__
349,(재미있는)논어이야기. ,이언호 평역,_148.3_이64ㄴ__
350,(한권으로 보는)제자백가. ,이명식 편주,_152_이34ㅈ__
351,"파란만장 부부재테크 : 저성장시대, 우리집 가정경제 살리는 해법서(b). ",김재형,_327.04_김73ㅍ__
352,모바일 인사이트 : 소비자의 숨겨진 욕망까지 읽어내는 시대(b). ,모바일마케팅연구소 엮음,_325.555_모42ㅁ__
353,No라고 말하는 아이. ,천뤼 지음,_378.9_천296ㄴ__
354,(13인 작가의 숨결을 찾아)영국 명작의 고향을 순례하다. ,문장호 지음,_840.9_문72ㅇ__
355,예술가들에게 슬쩍한 크리에이티브 킷 59 : 온 세상을 나만의 플레이그라운드로 만드는 법(b). ,케리 스미스 지음,_600.18_스38ㅇ__
356,(대한민국에서)광보 홍보인이 되는 법. ,잡코리아 좋은일 연구소 지음,_336.24_잡875ㄱ__
357,빼기의여행 : 대책 없이 느긋하고 홀가분하게(b). ,송은정 지음,_818_송67ㅃ__
358,타인의 섹스를 비웃지 마라. ,야마자키 나오코라 지음,_833.6_야32ㅌ__
359,토익공부 하지마 : 토익공부를 하지 않는데도 토익점수가 저절로 오르는 법(b). ,김지완 지음,_740.7_김78ㅌ__
360,그 남자 그 여자.1 : 지금 이 순간 누군가를 사랑하고 있는 당신을 위한 따뜻한 사랑 이야기 90(p). ,이미나 지음,_818_이38ㄱ_1_
361,(청소년을 위한)이야기 과학사 : 인류의 미래를 바꾼 과학의 위대한 첫걸음(b) - History of science. ,위르겐 타이히만 지음,_409_타68ㅇ__
362,야시. ,쓰네카와 고타로 지음,_833.6_쓰194ㅇ__
363,내가 공부하는 이유 : 일본 메이지대 괴짜 교수의 인생을 바꾸는 평생 공부법(b). ,사이토 다카시 지음,_373.4_사68ㄴ__
364,"밑줄 긋는 여자 : 떠남과 돌아옴, 출장길에서 마주친 책이야기(b). ",성수선 지음,_814.6_성56ㅁ__
365,아이의 인생은 초등학교에 달려있다 : 행복한 아이로 키우기 위해 초등학생 부모들이 알아야 할 모든 것(b). ,신의진 지음,_375.3_신67ㅇ__
366,30년 후의 코리아를 꿈꿔라 : 대한민국을 세계 제일의 IT 강국으로 키워낸 한국의 대표 테크노크라트 오명의 자기 경영법(b). ,오명 지음,_325.04_오34ㅅ__
367,긍정이 걸작을 만든다 : 도전하는 승부사 윤석금의 경영이야기(b). ,윤석금 지음,_325.04_윤54ㄱ__
368,딸은 엄마의 감정 쓰레기통이 아니다 : 가까울수록 상처를 주는 모녀관계 심리학(b). ,가야마 리카 지음,_189.24_가63ㄸ__
369,독서는 절대 나를 배신하지 않는다 : 서른 살 빈털터리 대학원생을 메이지대 교수로 만든 공부법 25(b). ,사이토 다카시 지음,_029.4_사68ㄷ__
370,내가 힘들었다는 너에게 : 나는 돌아보는 태도의 힘을 믿는다(b). ,신소영 지음,_814.6_신55ㄴ__
371,눈으로 희망을 쓰다 : 루게릭과 맞서 싸운 기적의 거인 박승일의 희망일기(b). ,이규연,_816.6_이16ㄴ__
372,채털리 부인의 연인 - Penguin books. ,데이비드 허버트 로렌스 지음,_843_로294ㅊ__
373,채털리 부인의 연인.1 - Penguin books. ,데이비드 허버트 로렌스 지음,_843_로294ㅊ_1_
374,보바리 부인 - Penguin books. ,귀스타브 플로베르 [지음],_863_플295ㅂ__
375,퀴어 - Penguin books. ,윌리엄 S. 버로스 지음,_843_버295ㅋ__
376,어떤 정염 : 모빠상 단편집(b) - 펭귄클래식 에디션 레드.[5]. ,기 드 모빠상 지음,_862_모42ㅇ__
377,모피를 입은 비너스 - 펭귄클래식 에디션 레드.[6]. ,레오폴트 폰 자허마조흐 지음,_852_자94ㅁ__
378,헨리와 준 - 펭귄클래식 에디션 레드. ,아나이스 닌 지음,_842_닌62ㅎ__
379,"한밤이여, 안녕 - 마카롱 에디션. ",진 리스 지음,_843_리57ㅎ__
380,사회계약론 - Penguin books. ,장 자크 루소 지음,_340.1_루55ㅅ__
381,순수의 시대 - 마카롱 에디션. ,이디스 워튼 지음,_843_워887ㅅ__
382,맥베스 - Penguin books. ,윌리엄 셰익스피어 지음,_842_셰68ㅁ__
383,젊은 베르테르의 슬픔 - 마카롱 에디션. ,요한 볼프강 폰 괴테 지음,_853_괴884ㅈ__
384,지킬 박사와 하이드 - 마카롱 에디션. ,로버트 루이스 스티븐슨 지음,_843_스888ㅈ__
385,인간 불평등 기원론 - Penguin books. ,장 자크 루소 [지음],_166.4_루55ㅇ__
386,크리스마스 캐럴 - 펭귄클래식 마카롱.16. ,찰스 디킨스 지음,_843_디878ㅋ__
387,자유론 - Penguin books. ,존 스튜어트 밀 지음,_164.42_밀75ㅈ__
388,위대한 개츠비 - 마카롱 에디션. ,F. 스콧 피츠제럴드 지음,_843_피85ㅇ__
389,첫사랑 - 마카롱 에디션. ,이반 투르게네프 지음,_892.83_투297ㅊ__
390,더블린 사람들 - 마카롱 에디션. ,제임스 조이스 지음,_843_조68ㄷ__
391,차라투스트라는 이렇게 말했다 - 마카롱 에디션. ,프리드리히 니체 지음,_853_니83ㅊ__
392,리어 왕 - Penguin books. ,윌리엄 셰익스피어 지음,_842_셰68ㄹ__
393,어린왕자 - 펭귄클래식 마카롱.15. ,앙투안 드 생텍쥐페리 지음,_863_생884ㅇ__
394,세월의 거품 - 펭귄클래식.52. ,보리스 비앙 지음,_863_비62ㅅ__
395,금오신화 - 펭귄클래식.14. ,김시습 원작,_813.5_김58ㄱ__
396,소송 - 펭귄클래식.15. ,프란츠 카프카 지음,_853_카897ㅅ__
397,W 또는 유년의 기억 - 펭귄클래식.110. ,조르주 페렉 지음,_863_페294ㄷ__
398,거울 나라의 앨리스 - 펭귄클래식.72. ,루이스 캐럴 [지음],_843_캐294ㄱ__
399,모피를 입은 비너스 - 펭귄클래식.61. ,레오폴트 폰 자허마조흐 지음,_853_자94ㅁ__
400,아가씨와 철학자 - 펭귄클래식.12. ,F. 스콧 피츠제럴드 지음,_843_피85ㅇ__
401,테레즈 데케루 - 펭귄클래식.106. ,프랑수아 모리아크 지음,_863_모298ㅌ__
402,보물섬 - 펭귄클래식.141. ,로버트 루이스 스티븐슨 지음,_843_스888ㅂ__
403,기쁨의 집.2 - 펭귄클래식.26. ,이디스 워튼 지음,_843_워887ㄱ_2_
404,주홍글자 - 펭귄클래식.32. ,너새니얼 호손 지음,_843_호55ㅈ__
405,홍길동전 - 펭귄클래식.13. ,허균 지음,_813.5_허16ㅎ__
406,알렉산드리아 사중주 : 발타자르(b) - 펭귄클래식.66. ,로렌스 더럴 지음,_843_더294ㅇ__
407,파우스트.1 - 펭귄클래식.133. ,요한 볼프강 폰 괴테 지음,_852_괴884ㅍ_1_
408,피터팬 - 펭귄클래식.45. ,제임스 매튜 배리 지음,_843_배298ㅍ__
409,군주론 - Penguin books. ,니콜로 마키아벨리 지음,_340.265_마878ㄱ__
410,1984 - 펭귄클래식.48. ,조지 오웰 지음,_843_오66ㅊ__
411,벤자민 버튼의 시간은 거꾸로 간다 - 펭귄클래식.11. ,F. 스콧 피츠제럴드 지음,_843_피85ㅂ__
412,크로이체르 소나타 - 펭귄클래식.3. ,레프 톨스토이 지음,_892.8_톨57ㅋ__
413,데이지 밀러 - 펭귄클래식.27. ,헨리 제임스 지음,_843_제68ㄷ__
414,로빈슨 크루소 - 펭귄클래식.36. ,대니얼 디포 지음,_843_디895ㄹ__
415,그림 동화집.2 - 펭귄클래식.127. ,그림형제 그림,_853_그298ㄱ_2_
416,오페라의 유령 - 펭귄클래식.24. ,가스통 르루 지음,_863_르296ㅇ__
417,메피스토 : 한 예술가의 출세 이야기(b) - 펭귄클래식.78. ,클라우스 만 지음,_853_만877ㅁ__
418,알렉산드리아 사중주 : 저스틴(b) - 펭귄클래식.65. ,로렌스 더럴 지음,_843_더294ㅇ__
419,오기 마치의 모험.2 - 펭귄클래식.119. ,솔 벨로 지음,_843_벨295ㅇ_2_
420,마지막 잎새 - 펭귄클래식.98. ,오 헨리 지음,_843_헨298ㅁ__
421,오기 마치의 모험.1 - 펭귄클래식.118. ,솔 벨로 지음,_843_벨295ㅇ_1_
422,유년 시절·소년 시절·청년 시절 - 펭귄클래식.138. ,레프 톨스토이 지음,_892.8_톨57ㅇ__
423,죽은 아버지 - 펭귄클래식.114. ,도널드 바셀미 지음,_843_바54ㅈ__
424,밤의 종말 - 펭귄클래식.107. ,프랑수아 모리아크 지음,_863_모298ㅂ__
425,정키 - 펭귄클래식.60. ,윌리엄 버로스 지음,_843_버295ㅈ__
426,왕자와 거지 - 펭귄클래식.55. ,마크 트웨인 지음,_843_트66ㅇ__
427,쟈디그·깡디드 - 펭귄클래식.103. ,볼떼르 지음,_863_볼24ㅈ__
428,가든파티 - 펭귄클래식.79. ,캐서린 맨스필드 지음,_843_맨57ㄱ__
429,동물농장 : 우화 이야기(b) - 펭귄클래식.4. ,조지 오웰 지음,_843_오66ㄷ__
430,독을 품은 뱀 - 펭귄클래식.125. ,프랑수아 모리아크 지음,_863_모298ㄷ__
431,드라큘라.1 - 펭귄클래식.46. ,브램 스토커 지음,_843_스885ㄷ_1_
432,오기 마치의 모험.3 - 펭귄클래식.120. ,솔 벨로 지음,_843_벨295ㅇ_3_
433,기쁨의 집.1 - 펭귄클래식.25. ,이디스 워튼 지음,_843_워887ㄱ_1_
434,타임머신 - 펭귄클래식.100. ,허버트 조지 웰스 지음,_843_웰57ㅌ__
435,이탈리아 기행.2 - 펭귄클래식.18. ,요한 볼프강 폰 괴테 지음,_856_괴884ㅇ_2_
436,이상한나라의 앨리스 - 펭귄클래식.71. ,루이스 캐럴 지음,_843_캐294ㅇ__
437,레 미제라블.4 : 쁠뤼메 거리의 목가와 쌩-드니 거리의 영웅전(p) - 펭귄클래식.94. ,빅또르 위고 지음,_863_위15ㄹ_4_
438,논어.2 : 주자(朱子)의 『논어집주(論語集註)』(b) - 펭귄클래식.42. ,공자 지음,_148.3_공72ㄴ_2_
439,셜록 홈즈 : 바스커빌 가문의 개(b) - 펭귄클래식.69. ,아서 코난 도일 지음,_843_도68ㅅ__
440,지하로부터의 수기 - 펭귄클래식.16. ,표도르 도스토옙스키 지음,_892.83_도57ㅈ__
441,사랑의 사막 - 펭귄클래식.124. ,프랑수아 모리아크 지음,_863_모298ㅅ__
442,80일간의 세계 일주 - 펭귄클래식.81. ,쥘 베른 지음,_863_베297ㅍ__
443,유토피아 - 펭귄클래식.1. ,토머스 모어 지음,_341.07_모64ㅇ__
444,알렉산드리아 사중주 : 마운트올리브(b) - 펭귄클래식.67. ,로렌스 더럴 지음,_843_더294ㅇ__
445,알렉산드리아 사중주 : 클레어(b) - 펭귄클래식.68. ,로렌스 더럴 지음,_843_더294ㅇ__
446,레 미제라블.5 : 쟝 발쟝(p) - 펭귄클래식.95. ,빅또르 위고 지음,_863_위15ㄹ_5_
447,레 미제라블.2 : 꼬제뜨(p) - 펭귄클래식.92. ,빅또르 위고 지음,_863_위15ㄹ_2_
448,레 미제라블.3 : 마리우스(p) - 펭귄클래식.93. ,빅또르 위고 지음,_863_위15ㄹ_3_
449,레 미제라블.1 : 팡띤느(p) - 펭귄클래식.91. ,빅또르 위고 지음,_863_위15ㄹ_1_
450,이성과 감성 - 펭귄클래식.142. ,제인 오스틴 지음,_843_오57ㅇ__
451,목요일이었던 남자 : 악몽(b) - 펭귄클래식.76. ,길버트 키스 체스터턴 지음,_843_체57ㅁ__
452,마농의 샘.1 - 펭귄클래식.143. ,마르셀 파뇰 지음,_863_파195ㅁ_1_
453,정글북.1 - 펭귄클래식.87. ,러디어드 키플링 지음,_843_키897ㅈ_1_
454,사랑에 관하여 : 「개를 데리고 다니는 여인」과 대표 단편들(b) - 펭귄클래식.70. ,안톤 체호프 지음,_892.83_체95ㅅ__
455,전원 교향악 - 펭귄클래식.39. ,앙드레 지드 지음,_863_지27ㅈ__
456,7인의 미치광이 - 펭귄클래식.54. ,로베르토 아를트 지음,_873_아297ㅊ__
457,그림 동화집.1 - 펭귄클래식.126. ,그림형제 그림,_853_그298ㄱ_1_
458,마농의 샘.2 - 펭퀸클래식.144. ,마르셀 파뇰 지음,_863_파195ㅁ_2_
459,코 외투 광인일기 감찰관 - 펭귄클래식.64. ,니콜라이 고골 지음,_892.83_고15ㅋ__
460,안나 카레니나.1 - 펭귄클래식.128. ,레프 톨스토이 지음,_892.8_톨57ㅇ_1_
461,안나 카레니나.2 - 펭귄클래식.129. ,레프 톨스토이 지음,_892.8_톨57ㅇ_2_
462,안나 카레니나.3 - 펭귄클래식.130. ,레프 톨스토이 지음,_892.8_톨57ㅇ_3_
463,그렌델 - 펭귄클래식.53. ,존 가드너 지음,_843_가27ㄱ__
464,정글북.2 - 펭귄클래식.88. ,러디어드 키플링 지음,_843_키897ㅈ_2_
465,논어.1 : 주자(朱子)의 『논어집주(論語集註)』(b) - 펭귄클래식.41. ,공자 지음,_148.3_공72ㄴ_1_
466,셜록 홈즈 : 주홍색 연구(b) - 펭귄클래식.58. ,아서 코난 도일 지음,_843_도68ㅅ__
467,드라큘라.2 - 펭귄클래식.47. ,브램 스토커 지음,_843_스885ㄷ_2_
468,정글북.2 - 펭귄클래식.88. ,러디어드 키플링 지음,_843_키897ㅈ_2_
469,노생거 수도원 - 펭귄클래식.8. ,제인 오스틴 지음,_843_오57ㄴ__
470,잃어버린 시절을 찾아서.5 : 게르망뜨 쪽 1(p) - 펭귄클래식.149. ,마르셀 프루스트 지음,_863_프296ㅇ_5_
471,잃어버린 시절을 찾아서.11 : 탈주하는 여인(p) - 펭귄클래식.159. ,마르셀 프루스트 지음,_863_프296ㅇ_11_
472,잃어버린 시절을 찾아서.3 : 피어나는 소녀들의 그늘에서 1(p) - 펭귄클래식.147. ,마르셀 프루스트 지음,_863_프296ㅇ_3_
473,잃어버린 시절을 찾아서.7 : 소돔과 고모라 1(p) - 펭귄클래식.151. ,마르셀 프루스트 지음,_863_프296ㅇ_7_
474,잃어버린 시절을 찾아서.12 : 되찾은 시절(p) - 펭귄클래식.160. ,마르셀 프루스트 지음,_863_프296ㅇ_12_
475,잃어버린 시절을 찾아서.1 : 스완 댄 쪽으로 1(p) - 펭귄클래식.145. ,마르셀 프루스트 지음,_863_프296ㅇ_1_
476,잃어버린 시절을 찾아서.10 : 갇힌 여인 2(p) - 펭귄클래식.158. ,마르셀 프루스트 지음,_863_프296ㅇ_10_
477,잃어버린 시절을 찾아서.2 : 스완 댄 쪽으로 2(p) - 펭귄클래식.146. ,마르셀 프루스트 지음,_863_프296ㅇ_2_
478,잃어버린 시절을 찾아서.4 : 피어나는 소녀들의 그늘에서 2(p) - 펭귄클래식.148. ,마르셀 프루스트 지음,_863_프296ㅇ_4_
479,잃어버린 시절을 찾아서.6 : 게르망뜨 쪽 2(p) - 펭귄클래식.150. ,마르셀 프루스트 지음,_863_프296ㅇ_6_
480,잃어버린 시절을 찾아서.8 : 소돔과 고모라 2(p) - 펭귄클래식.152. ,마르셀 프루스트 지음,_863_프296ㅇ_8_
481,잃어버린 시절을 찾아서.9 : 갇힌 여인 1(p) - 펭귄클래식.157. ,마르셀 프루스트 지음,_863_프296ㅇ_9_
482,마녀.1 : 아무도 내 이름을 부르지 않았으면… 좋겠다(p) - 강풀 순정만화 시즌.5. ,강풀 글·그림,_818_강896ㅁ_1_
483,마녀.02 : 만나야 할 인연이라면 다시 만나게 된다(p) - 강풀 순정만화 시즌.5. ,강풀 글·그림,_818_강896ㅁ_2_
484,마녀.03 : 더이상 가까이 갈 방법이 없었다… 한계에 부딪혔다(p) - 강풀 순정만화 시즌.5. ,강풀 글·그림,_818_강896ㅁ_3_
485,마녀.04 : 사랑이 동시에 시작되긴 어렵겠죠!(p) - 강풀 순정만화 시즌.5. ,강풀 글·그림,_818_강896ㅁ_4_
486,창백한 말.01 : Season 1(b). ,추혜연 글·그림,_813.6_추94ㅊ_1_
487,창백한 말.02 : Season 1(b). ,추혜연 글·그림,_813.6_추94ㅊ_2_
488,창백한 말.03 : Season 1(b). ,추혜연 글·그림,_813.6_추94ㅊ_3_
489,창백한 말.2-1 : Season 2(b). ,추혜연 글·그림,_818_추94ㅊ_2-1_
490,창백한 말.2-2 : Season 2(b). ,추혜연 글·그림,_818_추94ㅊ_2-2_
491,창백한 말.2-3 : Season 2(b). ,추혜연 글·그림,_818_추94ㅊ_2-3_
492,나쁜상사.01. ,네온비 글·그림,_813.6_네65ㄴ_1_
493,나쁜상사.02. ,네온비 글·그림,_813.6_네65ㄴ_2_
494,나쁜상사.03. ,네온비 글·그림,_813.6_네65ㄴ_3_
495,그대를 사랑합니다.01 - 순정만화 시즌.3. ,강풀 글·그림,_818_강896ㄱ_1_
496,그대를 사랑합니다.02 - 순정만화 시즌.3. ,강풀 글·그림,_818_강896ㄱ_2_
497,그대를 사랑합니다.03 - 순정만화 시즌.3. ,강풀 글·그림,_818_강896ㄱ_3_
498,(아이들의)권선생님.1. ,호우 글·그림,_813.6_호66ㄱ_1_
499,(아이들의)권선생님.2. ,호우 글·그림,_813.6_호66ㄱ_2_
500,아이들의 권선생님.3. ,호우 글·그림,_813.6_호66ㅇ_3_
501,(아이들의)권선생님.4. ,호우 글·그림,_813.6_호66ㄱ_4_
502,(아이들의)권선생님.5. ,호우 글·그림,_813.6_호66ㄱ_5_
503,(아이들의)권선생님.6. ,호우 글·그림,_813.6_호66ㄱ_6_
504,19세기 말 비망록.season 1. ,조부경 글,_813.6_조46ㅅ_1_
505,19세기 말 비망록.season 2. ,조부경 글,_813.6_조46ㅅ_2_
506,19세기 말 비망록.season 3. ,조부경 글,_813.6_조46ㅅ_3_
507,방과 후 전쟁활동.5. ,하일권 글·그림,_813.6_하68ㅂ_5_
508,방과 후 전쟁활동.4. ,하일권 글·그림,_813.6_하68ㅂ_4_
509,방과 후 전쟁활동.3. ,하일권 글·그림,_813.6_하68ㅂ_3_
510,방과 후 전쟁활동.2. ,하일권 글·그림,_813.6_하68ㅂ_2_
511,방과 후 전쟁활동.01. ,하일권 글·그림,_813.6_하68ㅂ_1_
512,냄새를 보는 소녀.2 : 절도의 정석(p). ,만취 글·그림,_813.6_만85ㄴ_2_
513,냄새를 보는 소녀.1 : 죽은 이를 기리는 법(p). ,만취 글·그림,_813.6_만85ㄴ_1_
514,바보.02 - 강풀 순정만화 시즌.2. ,강풀 글·그림,_818_강896ㅂ_2_
515,바보.01 - 강풀 순정만화 시즌.2. ,강풀 글·그림,_818_강896ㅂ_1_
516,N번째 연애.2 : Season3(b). ,율로 만화,_813.6_율295ㅇ_2_
517,N번째 연애.1 : Season3(b). ,율로 만화,_813.6_율295ㅇ_1_
518,N번째 연애.2 : Season1(b). ,율로 만화,_813.6_율295n_2_
519,N번째 연애.1 : Season 1(b). ,율로 만화,_813.6_율295n_1_
520,N번째 연애.2 : Season 2(b). ,율로 만화,_813.6_율295n_2_
521,N번째 연애.1 : Season 2(b). ,율로 만화,_813.6_율295n_1_
522,조명가게.01 - 강풀 미스터리 심리 썰렁물.5. ,강풀 글·그림,_818_강896ㅈ_1_
523,조명가게.02 - 강풀 미스터리 심리 썰렁물.5. ,강풀 글·그림,_818_강896ㅈ_2_
524,조명가게.03 - 강풀 미스터리 심리 썰렁물.5. ,강풀 글·그림,_818_강896ㅈ_3_
525,보리스 그림일기. ,히구치 유코 지음,_838_히16ㅂ__
526,아는 사람 이야기.1 : 한다리 건너엔 흔하디 흔한(b). ,오묘 글·그림,_818_오35ㅇ_1_
527,아는 사람 이야기.2 : 한다리 건너엔 흔하디 흔한(b). ,오묘 글·그림,_818_오35ㅇ_2_
528,아는 사람 이야기.3 : 한다리 건너엔 흔하디 흔한(b). ,오묘 글·그림,_818_오35ㅇ_3_
529,아는 사람 이야기.4 : 한다리 건너엔 흔하디 흔한(b). ,오묘 글·그림,_818_오35ㅇ_4_
530,옥탑빵.1. ,보담 지음,_818_보22ㅇ_1_
531,옥탑빵.2. ,보담 글·그림,_818_보22ㅇ_2_
532,커피와 스무디.1. ,게코 쓰고 그림,_818_게875ㅋ_1_
533,커피와 스무디.2. ,게코 쓰고 그림,_818_게875ㅋ_2_
534,스튜디오 짭쪼롬.1. ,오묘 글·그림,_818_오35ㅅ_1_
535,스튜디오 짭쪼롬.2. ,오묘 글·그림,_818_오35ㅅ_2_
536,스튜디오 짭쪼롬.3. ,오묘 글·그림,_818_오35ㅅ_3_
537,스튜디오 짭쪼롬.4. ,오묘 글·그림,_818_오35ㅅ_4_
538,스마트 일본어. ,정현혁 저,_730_정94ㅅ__
539,(교정)필라테스 final : X-ray 분석에 의한 근거 중심(b). ,이복동 지음,_517.32_이45ㅍ__
540,"엄마가 되었다 : 열 달 동행, 태교 컬러링 북(b). ",행복한가 지음,_651_행45ㅇ__
541,도쿄 게스트 하우스. ,후지이 히로아키 외 지음,_981.32302_후78ㄷ__
542,한강 road : 한강 자연·인문·지리·역사 기행(b). ,서찬석 글,_981.102_서82ㅎ__
543,핫세 언니의 자격증 육아.[2] : 실천편(p). ,김영희 저,_598.1_김64ㅎ_2_
544,음식 - 중국문화시리즈. ,리우쥔루 지음,_381.75_리66ㅇ__
545,전통의약 - 중국문화. ,랴오위췬 지음,_519.0912_랴65ㅈ__
546,차 - 중국문화. ,리우통 지음,_381.75_리66ㅊ__
547,고대발명 - 중국문화. ,덩인커 지음,_912_덩68ㄱ__
548,Color my love : coloring book(b). ,이누리 지음,_651_이196ㅋ__
549,크래프트 비어 북 : 미국 크래프트 맥주의 역사부터 문화까지 크래프트 맥주에 관한 모든 것(b). ,김선운 지음,_573.42_김54ㅋ__
550,어썸 스케치북 : 얼굴(b). ,카라 빈 지음,_656_빈872ㅇ__
551,어썸 스케치북 : 자연물(b). ,엘로이즈 르누프 지음,_656_르196ㅇ__
552,코믹스스쿨 : 한 달만 따라 그리면 나도 만화가!(b). ,만화벗 그림터 엮음,_657.1_만95ㅋ__
553,에코하우스 만들기 : 13일의 블루가 전하는 DIY와 리폼의 모든 것(b). ,조근영 지음,_619.5_조17ㅇ__
554,실전 자기소개서 쓰기 : 팬글씨 교본(b). ,김영배 지음,_325.337_김64ㅅ__
556,(쓰면서 쉽게 공부하는) 한자능력 검정시험 7 8급 : 150자 7급 100자+8급 50자(p). ,애드프라임 지음,_711.47_애27ㅎ__
558,(티컵하우스)쫑긋 가족의 강아지 대소동 - 꼬마 책마을.7. ,헤일리 스콧 글,_843_스875ㅉ__
559,헝클이와 블록월드.2권 : 드러나는 비밀(p). ,안성훈 글·그림,_813.8_안54ㅎ_2_
560,(티컵하우스)쫑긋 가족을 소개합니다 - 꼬마 책마을.5. ,헤일리 스콧 글,_843_스875ㅉ__
561,헝클이와 블록월드.1권 : 전설의 책(p). ,안성훈 글·그림,_813.8_안54ㅎ_1_
562,어느 그림자 이야기 : 양말 도깨비 외전(b). ,만물상 글·그림,_818_만36ㅇ__
563,작은 풀꽃의 이름은 - 행복한 관찰 그림책.4. ,나가오 레이코 글·그림,_833.8_나12ㅈ__
564,빨래는 지겨워 - 웅진책마을.92. ,하서찬 글,_813.8_하54ㅃ__
565,짠! 까꿍놀이 - 뽀뽀곰 아기놀이책.8. ,기무라 유이치 글·그림,_375.1_기36ㅉ__
566,내가 좋아하는 물새 - 세밀화로 그린 어린이 자연 관찰.15. ,이장호,_498_이72ㄴ__
567,코끼리 똥 호박 - 웅진 지식그림책.46. ,아베 히로시 글·그림,_470_아44ㅋ__
568,숨은 쥐를 잡아라 : 집에 숨은 과학(b) - 코앞의 과학.1. ,보물섬 글,_595_보36ㅅ__
569,으랏차차 탄생 이야기 - 웅진 지식그림책.08. ,허은실 글,_813.8_허67ㅇ__
570,미술 시간에 세계사 공부하기 - 지식의 사슬 시리즈.07. ,이장현 지음,_909_이72ㅁ__
571,(최신 누리과정에 맞춘)유치원 인기 동시 best 50 - Happy start 만345. ,김용택 외 지음,_811.8_김65ㅇ__
572,과학사고뭉치 : 4원소와 에너지(b). ,송승주 글,_400_송57ㄱ__
573,박물관이 살아있다. ,배성호,_069_배54ㅂ__
574,(세상에서 젤 푸릇푸릇한)식물책. ,황미라 지음,_480_황38ㅅ__
575,타조는 엄청나!. ,조은수 글·그림,_498.3_조67ㅌ__
576,여우비 - 웅진책마을. ,김선희 글,_813.8_김54ㅇ__
577,내가 살던 고향은 : 이원수 인물이야기(b). ,권정생 지음,_998.81_권74ㄴ__
578,유일한 이야기 : 빈손으로 떠난 위대한 기업가(b) - 웅진 인물이야기.01. ,조영권 글,_998.32_조64ㅇ__
579,신사임당 : 예술혼을 꽃피운 겨레의 어머니(b) - 웅진생각쟁이인물.32. ,문혜진 지음,_990.94_문94ㅅ__
580,처칠 : 침몰하는 자유 세계를 구한 열정의 지도자(b) - 웅진생각쟁이인물.29. ,이영주 지음,_998.34_이64ㅊ__
581,장영실 : 우리 과학의 새 장을 열다(b) - 웅진생각쟁이인물.41. ,최순자 지음,_991.1_최56ㅈ__
582,에디슨 : 99퍼센트의 노력으로 천재를 뛰어넘은 발명왕(b) - 웅진생각쟁이인물.17. ,김경란 지음,_998.5_김14ㅇ__
583,장준하 : 잠자는 시대를 깨운 지식인의 양심(b) - 웅진생각쟁이인물.30. ,김형덕 지음,_991.1_김94ㅈ__
584,베토벤 : 운명을 뛰어넘은 불멸의 음악가(b) - 웅진생각쟁이인물.28. ,윤오복 지음,_998.67_윤65ㅂ__
585,"칭기즈 칸 : 초원의 황제, 세상에 우뚝 서다(b) - 웅진생각쟁이인물.39. ",이재운 지음,_998.34_이73ㅊ__
586,페스탈로찌 : 인류의 희망을 밝힌 교육의 아버지(b) - 웅진생각쟁이인물.45. ,신혜은 지음,_998.37_신94ㅍ__
587,달라이 라마 : 영원히 타오르는 티베트의 불꽃(b) - 웅진생각쟁이인물.10. ,김민정 지음,_998.22_김38ㄷ__
588,우장춘 : 조국의 대지에 꽃피운 희망의 씨앗(b) - 웅진생각쟁이인물.18. ,민현숙 지음,_998.52_민94ㅆ__
589,안중근 : 조국의 침략자를 심판하다(b) - 웅진생각쟁이인물.33. ,김경란 지음,_991.1_김14ㅇ__
590,아문센과 스콧 : 남극 대륙에서 펼쳐진 위대한 도전(b) - 웅진생각쟁이인물.48. ,엄홍길 지음,_998.98_엄95ㅇ__
591,아인슈타인 : 신나는 상상으로 우주를 뛰어넘은 과학자(b) - 웅진생각쟁이인물.03. ,이영미 지음,_998.4_이64ㅇ__
592,원효 : 중생의 마음속에 심은 부처의 가르침(b) - 웅진생각쟁이인물.47. ,고영섭 지음,_998.22_고64ㅇ__
593,김홍도 : 화폭 위에 춤추는 조선인의 삶과 꿈(b) - 웅진생각쟁이인물.27. ,박상수 지음,_991.1_박52ㄱ__
594,세종 : 대한민국 슈퍼 브랜드(b) - 웅진생각쟁이인물.01. ,김현수 지음,_991.1_김94ㅅ__
595,모두 모두 정말 좋아 - 꼬까신 아기그림책.13. ,윤여림 글,_813.8_윤64ㅁ__
596,왜 사이좋게 지내야 해? - 어린이 행복 수업.4 : 관계. ,김민화 글,_331.18_김38ㅇ__
597,단숨에 깨치는 과학 실험.2 : 교과서 속 물질 파헤치기(b). ,글: 류희동,_407.33_류97ㄷ_2_
598,(단숨에 깨치는)과학실험.3 - 알짜배기 상식만화. ,류희동,_407_류97ㄱ_3_
599,눈물맛은 짜다 - 생각쟁이가 읽는 저학년 동화. ,김선희 글,_813.8_김54ㄴ__
600,세상에서 젤 꼬질꼬질한 과학책. ,임숙영 지음,_404_임56ㅅ__
601,눈의 여왕 - 안데르센 걸작 그림책.1. ,안데르센 원작,_859.81_안24ㄴ__
602,토마토 채소일까 과일일까 - 웅진 지식그림책.48. ,김황 글,_480_김95ㅌ__
603,"꼼짝 마 호진아, 나 애벌레야! - 웅진 지식그림책.39. ",안은영 글·그림,_495_안67ㄲ__
604,우리 할머니는 100살이에요 - 웅진 세계그림책.207. ,에이미 챈 글,_843_챈64ㅇ__
605,날아라 슝슝 공 - 웅진 지식그림책.30. ,김용란 글,_695_김65ㄴ__
606,꼬마 비버의 집으로 세계 여행 - 웅진 지식그림책.50. ,매그너스 웨이트먼 글·그림,_843_웨68ㄲ__
608,(동의보감)약초 민간요법. ,건강생약협회 지음,_519.81_건12ㅇ__
609,(계절에 맞춰먹는)약용식물 효능과 이용. ,건강생약협회 지음,_524.8_건12ㅇ__
610,약용식물 가정보감. ,건강생약협회 지음,_481.634_건12ㅇ__
611,"건강기능식물, 약용·식용버섯 이용. ",건강생약협회 지음,_484.5_건12ㄱ__
612,"기능성 버섯요리, 약차 만들기. ",건강생약협회 지음,_594.6_건12ㄱ__
613,채근담 - (동양고전)슬기바다.6. ,홍자성 지음,_199.1_홍72ㅊ__
614,손자병법 - 동양고전 슬기바다.9. ,손무 지음,_152.27_손36ㅅ__
615,명심보감 : 마음을 밝혀주는 보배로운 거울(b) - 동양고전 슬기바다.05. ,추적 엮음,_150_추74ㅁ__
616,안씨가훈 - 슬기바다.08. ,안지추 지음,_192.4_안78ㅇ__
617,소학 - 동양고전 슬기바다.4. ,주희,_152.416_주97ㅅ__
618,맹자 - 동양고전 슬기바다.02. ,맹자 지음,_148.4_맹72ㅁ__
619,대학·중용 - 슬기바다.03. ,주희 엮음,_148_주97ㄷ__
620,한국바이런 논리논술 중국고전 서유기1. ,,_823.5_한16_1_
621,한국바이런 논리논술 중국고전 서유기2. ,,_823.5_한16_2_
622,한국바이런 논리논술 중국고전 서유기3. ,,_823.5_한16_3_
623,한국바이런 논리논술 중국고전 서유기4. ,,_823.5_한16_4_
624,한국바이런 논리논술 중국고전 서유기5. ,,_823.5_한16_5_
625,한국바이런 논리논술 중국고전 서유기6. ,,_823.5_한16_6_
626,한국바이런 논리논술 중국고전 서유기7. ,,_823.5_한16_7_
627,한국바이런 논리논술 중국고전 서유기8. ,,_823.5_한16_8_
628,한국바이런 논리논술 중국고전 서유기9. ,,_823.5_한16_9_
629,한국바이런 논리논술 중국고전 서유기10. ,,_823.5_한16_10_
630,한국바이런 논리논술 중국고전 수호지1. ,,_823.5_한16_1_
631,한국바이런 논리논술 중국고전 수호지2. ,,_823.5_한16_2_
632,한국바이런 논리논술 중국고전 수호지3. ,,_823.5_한16_3_
633,한국바이런 논리논술 중국고전 수호지4. ,,_823.5_한16_4_
634,한국바이런 논리논술 중국고전 수호지5. ,,_823.5_한16_5_
635,한국바이런 논리논술 중국고전 수호지6. ,,_823.5_한16_6_
636,한국바이런 논리논술 중국고전 수호지7. ,,_823.5_한16_7_
637,한국바이런 논리논술 중국고전 수호지8. ,,_823.5_한16_8_
638,한국바이런 논리논술 중국고전 수호지9. ,,_823.5_한16_9_
639,한국바이런 논리논술 중국고전 수호지10. ,,_823.5_한16_10_
640,한국바이런 논리논술 중국고전 초한지1. ,,_823.5_한16_1_
641,한국바이런 논리논술 중국고전 초한지2. ,,_823.5_한16_2_
642,한국바이런 논리논술 중국고전 초한지3. ,,_823.5_한16_3_
643,한국바이런 논리논술 중국고전 초한지4. ,,_823.5_한16_4_
644,한국바이런 논리논술 중국고전 초한지5. ,,_823.5_한16_5_
645,한국바이런 논리논술 중국고전 초한지6. ,,_823.5_한16_6_
646,한국바이런 논리논술 중국고전 초한지7. ,,_823.5_한16_7_
647,한국바이런 논리논술 중국고전 초한지8. ,,_823.5_한16_8_
648,한국바이런 논리논술 중국고전 초한지9. ,,_823.5_한16_9_
649,한국바이런 논리논술 중국고전 초한지10. ,,_823.5_한16_10_
650,영재 초등논술 세계문학 1. ,,_808_영73_1_
651,영재 초등논술 세계문학 2. ,,_808_영73_2_
652,영재 초등논술 세계문학 3. ,,_808_영73_3_
653,영재 초등논술 세계문학 4. ,,_808_영73_4_
654,영재 초등논술 세계문학 5. ,,_808_영73_5_
655,영재 초등논술 세계문학 6. ,,_808_영73_6_
656,영재 초등논술 세계문학 7. ,,_808_영73_7_
657,영재 초등논술 세계문학 8. ,,_808_영73_8_
658,영재 초등논술 세계문학 9. ,,_808_영73_9_
659,영재 초등논술 세계문학 10. ,,_808_영73_10_
660,영재 초등논술 세계문학 11. ,,_808_영73_11_
661,영재 초등논술 세계문학 12. ,,_808_영73_12_
662,영재 초등논술 세계문학 13. ,,_808_영73_13_
663,영재 초등논술 세계문학 14. ,,_808_영73_14_
664,영재 초등논술 세계문학 15. ,,_808_영73_15_
665,영재 초등논술 세계문학 16. ,,_808_영73_16_
666,영재 초등논술 세계문학 17. ,,_808_영73_17_
667,영재 초등논술 세계문학 18. ,,_808_영73_18_
668,영재 초등논술 세계문학 19. ,,_808_영73_19_
669,영재 초등논술 세계문학 20. ,,_808_영73_20_
670,영재 초등논술 세계문학 21. ,,_808_영73_21_
671,영재 초등논술 세계문학 22. ,,_808_영73_22_
672,영재 초등논술 세계문학 23. ,,_808_영73_23_
673,영재 초등논술 세계문학 24. ,,_808_영73_24_
674,영재 초등논술 세계문학 25. ,,_808_영73_25_
675,영재 초등논술 세계문학 26. ,,_808_영73_26_
676,영재 초등논술 세계문학 27. ,,_808_영73_27_
677,영재 초등논술 세계문학 28. ,,_808_영73_28_
678,영재 초등논술 세계문학 29. ,,_808_영73_29_
679,영재 초등논술 세계문학 30. ,,_808_영73_30_
680,영재 초등논술 세계문학 31. ,,_808_영73_31_
681,영재 초등논술 세계문학 32. ,,_808_영73_32_
682,영재 초등논술 세계문학 33. ,,_808_영73_33_
683,영재 초등논술 세계문학 34. ,,_808_영73_34_
684,영재 초등논술 세계문학 35. ,,_808_영73_35_
685,영재 초등논술 세계문학 36. ,,_808_영73_36_
686,영재 초등논술 세계문학 37. ,,_808_영73_37_
687,영재 초등논술 세계문학 38. ,,_808_영73_38_
688,영재 초등논술 세계문학 39. ,,_808_영73_39_
689,영재 초등논술 세계문학 40. ,,_808_영73_40_
690,새로본 한국대표 문학 1. ,,_810_새295_1_
691,새로본 한국대표 문학 2. ,,_810_새295_2_
692,새로본 한국대표 문학 3. ,,_810_새295_3_
693,새로본 한국대표 문학 4. ,,_810_새295_4_
694,새로본 한국대표 문학 5. ,,_810_새295_5_
695,새로본 한국대표 문학 6. ,,_810_새295_6_
696,새로본 한국대표 문학 7. ,,_810_새295_7_
697,새로본 한국대표 문학 8. ,,_810_새295_8_
698,새로본 한국대표 문학 9. ,,_810_새295_9_
699,새로본 한국대표 문학 10. ,,_810_새295_10_
700,새로본 한국대표 문학 11. ,,_810_새295_11_
701,새로본 한국대표 문학 12. ,,_810_새295_12_
702,새로본 한국대표 문학 13. ,,_810_새295_13_
703,새로본 한국대표 문학 14. ,,_810_새295_14_
704,새로본 한국대표 문학 15. ,,_810_새295_15_
705,새로본 한국대표 문학 16. ,,_810_새295_16_
706,새로본 한국대표 문학 17. ,,_810_새295_17_
707,새로본 한국대표 문학 18. ,,_810_새295_18_
708,새로본 한국대표 문학 19. ,,_810_새295_19_
709,새로본 한국대표 문학 20. ,,_810_새295_20_
710,새로본 한국대표 문학 21. ,,_810_새295_21_
711,새로본 한국대표 문학 22. ,,_810_새295_22_
712,새로본 한국대표 문학 23. ,,_810_새295_23_
713,새로본 한국대표 문학 24. ,,_810_새295_24_
714,새로본 한국대표 문학 25. ,,_810_새295_25_
715,새로본 한국대표 문학 26. ,,_810_새295_26_
716,새로본 한국대표 문학 27. ,,_810_새295_27_
717,새로본 한국대표 문학 28. ,,_810_새295_28_
718,새로본 한국대표 문학 29. ,,_810_새295_29_
719,새로본 한국대표 문학 30. ,,_810_새295_30_
720,새로본 한국대표 문학 31. ,,_810_새295_31_
721,새로본 한국대표 문학 32. ,,_810_새295_32_
722,새로본 한국대표 문학 33. ,,_810_새295_33_
723,새로본 한국대표 문학 34. ,,_810_새295_34_
724,새로본 한국대표 문학 35. ,,_810_새295_35_
725,새로본 한국대표 문학 36. ,,_810_새295_36_
726,새로본 한국대표 문학 37. ,,_810_새295_37_
727,새로본 한국대표 문학 38. ,,_810_새295_38_
728,새로본 한국대표 문학 39. ,,_810_새295_39_
729,새로본 한국대표 문학 40. ,,_810_새295_40_
730,새로본 한국대표 문학 41. ,,_810_새295_41_
731,새로본 한국대표 문학 42. ,,_810_새295_42_
732,새로본 한국대표 문학 43. ,,_810_새295_43_
733,새로본 한국대표 문학 44. ,,_810_새295_44_
734,새로본 한국대표 문학 45. ,,_810_새295_45_
735,새로본 한국대표 문학 46. ,,_810_새295_46_
736,새로본 한국대표 문학 47. ,,_810_새295_47_
737,새로본 한국대표 문학 48. ,,_810_새295_48_
738,새로본 한국대표 문학 49. ,,_810_새295_49_
739,새로본 한국대표 문학 50. ,,_810_새295_50_
740,새로본 한국대표 문학 51. ,,_810_새295_51_
741,새로본 한국대표 문학 52. ,,_810_새295_52_
742,새로본 한국대표 문학 53. ,,_810_새295_53_
743,새로본 한국대표 문학 54. ,,_810_새295_54_
744,새로본 한국대표 문학 55. ,,_810_새295_55_
745,새로본 한국대표 문학 56. ,,_810_새295_56_
746,새로본 한국대표 문학 57. ,,_810_새295_57_
747,새로본 한국대표 문학 58. ,,_810_새295_58_
748,새로본 한국대표 문학 59. ,,_810_새295_59_
749,새로본 한국대표 문학 60. ,,_810_새295_60_
750,논리논술고전 1. ,,_082_아25_1_
751,논리논술고전 2. ,,_082_아25_2_
752,논리논술고전 3. ,,_082_아25_3_
753,논리논술고전 4. ,,_082_아25_4_
754,논리논술고전 5. ,,_082_아25_5_
755,논리논술고전 6. ,,_082_아25_6_
756,논리논술고전 7. ,,_082_아25_7_
757,논리논술고전 8. ,,_082_아25_8_
758,논리논술고전 9. ,,_082_아25_9_
759,논리논술고전 10. ,,_082_아25_10_
760,논리논술고전 11. ,,_082_아25_11_
761,논리논술고전 12. ,,_082_아25_12_
762,논리논술고전 13. ,,_082_아25_13_
763,논리논술고전 14. ,,_082_아25_14_
764,논리논술고전 15. ,,_082_아25_15_
765,논리논술고전 16. ,,_082_아25_16_
766,논리논술고전 17. ,,_082_아25_17_
767,논리논술고전 18. ,,_082_아25_18_
768,논리논술고전 19. ,,_082_아25_19_
769,논리논술고전 20. ,,_082_아25_20_
770,논리논술고전 21. ,,_082_아25_21_
771,논리논술고전 22. ,,_082_아25_22_
772,논리논술고전 23. ,,_082_아25_23_
773,논리논술고전 24. ,,_082_아25_24_
774,논리논술고전 25. ,,_082_아25_25_
775,레인보우 리틀베이비북 1. ,,_375.1_리887_1_
776,레인보우 리틀베이비북 2. ,,_375.1_리887_2_
777,레인보우 리틀베이비북 3. ,,_375.1_리887_3_
778,레인보우 리틀베이비북 4. ,,_375.1_리887_4_
779,레인보우 리틀베이비북 5. ,,_375.1_리887_5_
780,레인보우 리틀베이비북 6. ,,_375.1_리887_6_
781,레인보우 리틀베이비북 7. ,,_375.1_리887_7_
782,레인보우 리틀베이비북 8. ,,_375.1_리887_8_
783,레인보우 리틀베이비북 9. ,,_375.1_리887_9_
784,레인보우 리틀베이비북 10. ,,_375.1_리887_10_
785,레인보우 리틀베이비북 11. ,,_375.1_리887_11_
786,레인보우 리틀베이비북 12. ,,_375.1_리887_12_
787,레인보우 리틀베이비북 13. ,,_375.1_리887_13_
788,레인보우 리틀베이비북 14. ,,_375.1_리887_14_
789,레인보우 리틀베이비북 15. ,,_375.1_리887_15_
790,레인보우 리틀베이비북 16. ,,_375.1_리887_16_
791,레인보우 리틀베이비북 17. ,,_375.1_리887_17_
792,레인보우 리틀베이비북 18. ,,_375.1_리887_18_
793,레인보우 리틀베이비북 19. ,,_375.1_리887_19_
794,레인보우 리틀베이비북 20. ,,_375.1_리887_20_
795,레인보우 리틀베이비북 21. ,,_375.1_리887_21_
796,레인보우 리틀베이비북 22. ,,_375.1_리887_22_
797,레인보우 리틀베이비북 23. ,,_375.1_리887_23_
798,레인보우 리틀베이비북 24. ,,_375.1_리887_24_
799,레인보우 리틀베이비북 25. ,,_375.1_리887_25_
800,레인보우 리틀베이비북 26. ,,_375.1_리887_26_
801,레인보우 리틀베이비북 27. ,,_375.1_리887_27_
802,레인보우 리틀베이비북 28. ,,_375.1_리887_28_
803,레인보우 리틀베이비북 29. ,,_375.1_리887_29_
804,레인보우 리틀베이비북 30. ,,_375.1_리887_30_
805,레인보우 리틀베이비북 31. ,,_375.1_리887_31_
806,레인보우 리틀베이비북 32. ,,_375.1_리887_32_
807,레인보우 리틀베이비북 33. ,,_375.1_리887_33_
808,레인보우 리틀베이비북 34. ,,_375.1_리887_34_
809,레인보우 리틀베이비북 35. ,,_375.1_리887_35_
810,레인보우 리틀베이비북 36. ,,_375.1_리887_36_
811,레인보우 리틀베이비북 37. ,,_375.1_리887_37_
812,레인보우 리틀베이비북 38. ,,_375.1_리887_38_
813,레인보우 리틀베이비북 39. ,,_375.1_리887_39_
814,레인보우 리틀베이비북 40. ,,_375.1_리887_40_
815,레인보우 리틀베이비북 41. ,,_375.1_리887_41_
816,레인보우 리틀베이비북 42. ,,_375.1_리887_42_
817,레인보우 리틀베이비북 43. ,,_375.1_리887_43_
818,레인보우 리틀베이비북 44. ,,_375.1_리887_44_
819,레인보우 리틀베이비북 45. ,,_375.1_리887_45_
820,레인보우 리틀베이비북 46. ,,_375.1_리887_46_
821,레인보우 리틀베이비북 47. ,,_375.1_리887_47_
822,초롱초롱 한국 자연관찰 1. ,,_408_새295_1_
823,초롱초롱 한국 자연관찰 2. ,,_408_새295_2_
824,초롱초롱 한국 자연관찰 3. ,,_408_새295_3_
825,초롱초롱 한국 자연관찰 4. ,,_408_새295_4_
826,초롱초롱 한국 자연관찰 5. ,,_408_새295_5_
827,초롱초롱 한국 자연관찰 6. ,,_408_새295_6_
828,초롱초롱 한국 자연관찰 7. ,,_408_새295_7_
829,초롱초롱 한국 자연관찰 8. ,,_408_새295_8_
830,초롱초롱 한국 자연관찰 9. ,,_408_새295_9_
831,초롱초롱 한국 자연관찰 10. ,,_408_새295_10_
832,초롱초롱 한국 자연관찰 11. ,,_408_새295_11_
833,초롱초롱 한국 자연관찰 12. ,,_408_새295_12_
834,초롱초롱 한국 자연관찰 13. ,,_408_새295_13_
835,초롱초롱 한국 자연관찰 14. ,,_408_새295_14_
836,초롱초롱 한국 자연관찰 15. ,,_408_새295_15_
837,초롱초롱 한국 자연관찰 16. ,,_408_새295_16_
838,초롱초롱 한국 자연관찰 17. ,,_408_새295_17_
839,초롱초롱 한국 자연관찰 18. ,,_408_새295_18_
840,초롱초롱 한국 자연관찰 19. ,,_408_새295_19_
841,초롱초롱 한국 자연관찰 20. ,,_408_새295_20_
842,초롱초롱 원리 자연관찰 1. ,,_408_새295_1_
843,초롱초롱 원리 자연관찰 2. ,,_408_새295_2_
844,초롱초롱 원리 자연관찰 3. ,,_408_새295_3_
845,초롱초롱 원리 자연관찰 4. ,,_408_새295_4_
846,초롱초롱 원리 자연관찰 5. ,,_408_새295_5_
847,초롱초롱 원리 자연관찰 6. ,,_408_새295_6_
848,초롱초롱 원리 자연관찰 7. ,,_408_새295_7_
849,초롱초롱 원리 자연관찰 8. ,,_408_새295_8_
850,초롱초롱 원리 자연관찰 9. ,,_408_새295_9_
851,초롱초롱 원리 자연관찰 10. ,,_408_새295_10_
852,초롱초롱 원리 자연관찰 11. ,,_408_새295_11_
853,초롱초롱 원리 자연관찰 12. ,,_408_새295_12_
854,초롱초롱 원리 자연관찰 13. ,,_408_새295_13_
855,초롱초롱 원리 자연관찰 14. ,,_408_새295_14_
856,초롱초롱 원리 자연관찰 15. ,,_408_새295_15_
857,초롱초롱 원리 자연관찰 16. ,,_408_새295_16_
858,초롱초롱 원리 자연관찰 17. ,,_408_새295_17_
859,초롱초롱 원리 자연관찰 18. ,,_408_새295_18_
860,초롱초롱 원리 자연관찰 19. ,,_408_새295_19_
861,초롱초롱 원리 자연관찰 20. ,,_408_새295_20_
862,초롱초롱 원리 자연관찰 21. ,,_408_새295_21_
863,초롱초롱 원리 자연관찰 22. ,,_408_새295_22_
864,초롱초롱 원리 자연관찰 23. ,,_408_새295_23_
865,초롱초롱 원리 자연관찰 24. ,,_408_새295_24_
866,초롱초롱 원리 자연관찰 25. ,,_408_새295_25_
867,초롱초롱 원리 자연관찰 26. ,,_408_새295_26_
868,초롱초롱 원리 자연관찰 27. ,,_408_새295_27_
869,초롱초롱 원리 자연관찰 28. ,,_408_새295_28_
870,초롱초롱 원리 자연관찰 29. ,,_408_새295_29_
871,초롱초롱 원리 자연관찰 30. ,,_408_새295_30_
872,초롱초롱 원리 자연관찰 31. ,,_408_새295_31_
873,초롱초롱 원리 자연관찰 32. ,,_408_새295_32_
874,초롱초롱 원리 자연관찰 33. ,,_408_새295_33_
875,초롱초롱 원리 자연관찰 34. ,,_408_새295_34_
876,초롱초롱 원리 자연관찰 35. ,,_408_새295_35_
877,초롱초롱 원리 자연관찰 36. ,,_408_새295_36_
878,초롱초롱 원리 자연관찰 37. ,,_408_새295_37_
879,초롱초롱 원리 자연관찰 38. ,,_408_새295_38_
880,초롱초롱 원리 자연관찰 39. ,,_408_새295_39_
881,초롱초롱 원리 자연관찰 40. ,,_408_새295_40_
882,초롱초롱 원리 자연관찰 41. ,,_408_새295_41_
883,초롱초롱 원리 자연관찰 42. ,,_408_새295_42_
884,초롱초롱 원리 자연관찰 43. ,,_408_새295_43_
885,초롱초롱 원리 자연관찰 44. ,,_408_새295_44_
886,초롱초롱 원리 자연관찰 45. ,,_408_새295_45_
887,초롱초롱 원리 자연관찰 46. ,,_408_새295_46_
888,초롱초롱 원리 자연관찰 47. ,,_408_새295_47_
889,초롱초롱 원리 자연관찰 48. ,,_408_새295_48_
890,초롱초롱 원리 자연관찰 49. ,,_408_새295_49_
891,초롱초롱 원리 자연관찰 50. ,,_408_새295_50_
892,초롱초롱 원리 자연관찰 51. ,,_408_새295_51_
893,초롱초롱 원리 자연관찰 52. ,,_408_새295_52_
894,초롱초롱 원리 자연관찰 53. ,,_408_새295_53_
895,초롱초롱 원리 자연관찰 54. ,,_408_새295_54_
896,초롱초롱 원리 자연관찰 55. ,,_408_새295_55_
897,초롱초롱 원리 자연관찰 56. ,,_408_새295_56_
898,초롱초롱 원리 자연관찰 57. ,,_408_새295_57_
899,초롱초롱 원리 자연관찰 58. ,,_408_새295_58_
900,초롱초롱 원리 자연관찰 59. ,,_408_새295_59_
901,초롱초롱 원리 자연관찰 60. ,,_408_새295_60_
902,초롱초롱 원리 자연관찰 61. ,,_408_새295_61_
903,초롱초롱 원리 자연관찰 62. ,,_408_새295_62_
904,초롱초롱 원리 자연관찰 63. ,,_408_새295_63_
905,초롱초롱 원리 자연관찰 64. ,,_408_새295_64_
906,명작동화로 함께하는 입체북 1 보물섬. ,,_813.5_편78_1_
907,명작동화로 함께하는 입체북 2 백설공주. ,,_813.5_편78_2_
908,명작동화로 함께하는 입체북 3 톰소여의 모험. ,,_813.5_편78_3_
909,명작동화로 함께하는 입체북 4 헨젤과 그레텔. ,,_813.5_편78_4_
910,명작동화로 함께하는 입체북 5 신데렐라. ,,_813.5_편78_5_
911,명작동화로 함께하는 입체북 6 브레멘 음악대. ,,_813.5_편78_6_
912,명작동화로 함께하는 입체북 7 크리스마스 캐럴. ,,_813.5_편78_7_
913,명작동화로 함께하는 입체북 8 왕자와 거지. ,,_813.5_편78_8_
914,전래동화로 함께하는 입체북 1 토끼전. ,,_808_편78_1_
915,전래동화로 함께하는 입체북 2 금도끼 은도끼. ,,_808_편78_2_
916,전래동화로 함께하는 입체북 3 견우와 직녀. ,,_808_편78_3_
917,전래동화로 함께하는 입체북 4 콩쥐 팥쥐. ,,_808_편78_4_
918,전래동화로 함께하는 입체북 5 흥부와 놀부. ,,_808_편78_5_
919,전래동화로 함께하는 입체북 6 도깨비 방망이. ,,_808_편78_6_
920,전래동화로 함께하는 입체북 7 선녀와 나무꾼. ,,_808_편78_7_
921,전래동화로 함께하는 입체북 8 해님과 달님. ,,_808_편78_8_
922,꿈꾸는아이들 영어로 읽는 이솝우화 1. ,,_747_꿈16_1_
923,꿈꾸는아이들 영어로 읽는 이솝우화 2. ,,_747_꿈16_2_
924,꿈꾸는아이들 영어로 읽는 이솝우화 3. ,,_747_꿈16_3_
925,꿈꾸는아이들 영어로 읽는 이솝우화 4. ,,_747_꿈16_4_
926,꿈꾸는아이들 영어로 읽는 이솝우화 5. ,,_747_꿈16_5_
927,꿈꾸는아이들 영어로 읽는 이솝우화 6. ,,_747_꿈16_6_
928,꿈꾸는아이들 영어로 읽는 이솝우화 7. ,,_747_꿈16_7_
929,꿈꾸는아이들 영어로 읽는 이솝우화 8. ,,_747_꿈16_8_
930,꿈꾸는아이들 영어로 읽는 이솝우화 9. ,,_747_꿈16_9_
931,꿈꾸는아이들 영어로 읽는 이솝우화 10. ,,_747_꿈16_10_
932,싸이언스 라이브러리 1. ,,_408_다52_1_
933,싸이언스 라이브러리 2. ,,_408_다52_2_
934,싸이언스 라이브러리 3. ,,_408_다52_3_
935,싸이언스 라이브러리 4. ,,_408_다52_4_
936,싸이언스 라이브러리 5. ,,_408_다52_5_
937,싸이언스 라이브러리 6. ,,_408_다52_6_
938,싸이언스 라이브러리 7. ,,_408_다52_7_
939,싸이언스 라이브러리 8. ,,_408_다52_8_
940,싸이언스 라이브러리 9. ,,_408_다52_9_
941,싸이언스 라이브러리 10. ,,_408_다52_10_
942,"성공을 부르는 용기는 다르다 : 일, 리더십과 삶에서 더욱 용감해지는 법(b). ",마지 워렐 지음,_325.211_워294ㅅ__
943,옆집 아이의 영어 독서법 : 영어와 가장 재미있게 친해지는 방법(b). ,김지원 지음,_740.7_김78ㅇ__
944,운명을 바꾸는 365일 : 실천 편(b). ,이종명 지음,_199.1_이75ㅇ__
945,박애로 충만한 영혼을 꿈꾸며 : 매우 도전적이고 감동적인 인생 역전 드라마(b). ,꿈꾸는 이 이강무 지음,_230.4_이12ㅂ__
946,(쥐잡이 냥이의)묘생역전.하. ,안민숙 지음,_818_안38ㅁ_하_
947,(쥐잡이 냥이의)묘생역전.상. ,안민숙 지음,_818_안38ㅁ_상_
948,그들의 생각을 바꾸는 방법. ,데이비드 맥레이니 지음,_189.5_맥294ㄱ__
949,(고객을 부자로 만들어주는)돈 잘 버는 공인중개사의 비밀 노트. ,제승욱 지음,_321.329_제57ㄷ__
950,행복한 개인주의자로 사는 방법 : 나만의 잣대로 살아가는 자유로운 개인주의자 되기(b). ,김미애 지음,_325.04_김38ㅎ__
951,"AI 시대 자녀교육, 사람다움이 답이다 : 급변하는 시대, 흔들리지 않는 아이로 키우기(b). ",김민철 지음,_598.1_김38ㅇ__
952,기분만 좋으면 된다 : 행복을 결정하는 단 하나(b). ,이장민 지음,_191.6_이72ㄱ__
953,엄마 독립 선언 : 스스로 삶을 설계하는 셀프 리더십 수업(b). ,전명희 지음,_325.04_전34ㅇ__
954,(집에서 시작하는)엄마표 문해력 수업. ,이현경 지음,_598.48_이94ㅇ__
955,나는 당신이 예쁜 몸을 가졌으면 좋겠습니다. ,권미주 지음,_517.52_권38ㄴ__
956,나는 보좌관이다 : 철저하게 조연으로 사는 얼굴 없는 사람들(b). ,임현 지음,_340.4_임94ㄴ__
957,철밥통을 차버린 여자 : 인생을 낭비하지 않기 위해 '나'를 선택했다(b). ,김원주 지음,_029_김66ㅊ__
958,싱글맘도 엄마입니다 : 당신과 아이들의 꿈을 위한 대담한 인생 안내서(b). ,김민주 지음,_337.04_김38ㅅ__
959,실버의 반란 : 80세에 사회복지사 및 요양보호사 자격증 취득(b). ,김일부 지음,_591.9_김68ㅅ__
961,(떨오기공부법으로 47살 아줌마)공인중개사·주택관리사 동시 합격하기. ,박성숙 지음,_325.04_박54ㄱ__
962,"부모님, 당신도 교육자입니다 : 30년 유아 교육자가 전하는 아이들을 위한 동반 성장 프로젝트(b). ",안양숙 지음,_378.9_안63ㅂ__
963,이번 생 육아는 처음입니다만 : 육아가 두려운 아빠를 위한 마인드 개선 프로젝트(b). ,김도사,_598.1_김25ㅇ__
964,데드 소울즈 - 오픈하우스 장르문학 시리즈. ,이언 랜킨 지음,_843_랜878ㄷ__
965,"파워풀 이재명 : 사람 중심, 통찰과 진취의 리더십(b). ",엄광용 지음,_340.4_엄15ㅍ__
966,"부활, 역사인가 믿음인가 - 옥성호의 빅퀘스천. ",옥성호 지음,_232.4_옥54ㅂ__
967,왜 유독 그 사람만 잘 나갈까 : 잘 나가는 리더들의 이미지 브랜딩 전략(b). ,윤혜경 지음,_325.04_윤94ㅇ__
968,렛 잇 블리드 - 버티고. ,이언 랜킨 지음,_843_랜878ㄹ__
969,최고의 회사들은 왜 나를 선택했을까?. ,오미영 지음,_325.04_오38ㅊ__
970,평판이 미래다 : 개인과 기업을 영속하게 만드는 최고의 힘(b). ,박흥식,_325.1_박97ㅍ__
971,나는 시니어 작가로 새 인생을 산다 : 청소 이모가 쓴 60 플러스 책 쓰기(b). ,나예심 지음,_802_나64ㄴ__
972,12살 전에 돈과 친하게 하라 : 내 아이 부자 만드는 비밀 노트(b). ,한경아 지음,_598.1_한14ㅇ__
973,나답게 살기 위한 글쓰기 : 쓰기에도 근력이 필요하다(b). ,이수아 지음,_802_이56ㄴ__
974,직장인으로 성공한다는 것 : 20년 노하우가 담긴 직장생활 분투기(b). ,조홍건 지음,_325.04_조95ㅈ__
975,이런 영화 있는 줄 몰랐을 걸??? : 컬트 클래식 영화 안내서(b). ,다이나믹LEE 지음,_688.2_다68ㅇ__
976,컬러풀 오더 : 평양의 행복(b). ,닉 오재 지음,_668_오73ㅋ__
977,조지 해리슨 : 리버풀에서 갠지스까지(b). ,고영탁 지음,_673.53099_고64ㅈ__
978,불안을 열정으로 바꾸는 기술 : 눈앞의 세상을 뒤집어 온전한 삶의 각도를 찾는 방법(b). ,구지은 지음,_181.71_구78ㅂ__
979,사랑아 나에게 와서 내 인생이 되어다오 : 피터 맥윌리엄스 시집(b). ,피터 맥윌리엄스 지음,_841_맥66ㅅ__
980,당신의 간판은 돈을 벌어주고 있습니까?. ,김현상 지음,_325.04_김94ㄷ__
981,교류 : 중국 지식인의 열 가지 눈(b). ,김승룡,_309.112_김57ㄱ__
982,1등의 퍼스널 브랜딩 : 아무도 알려주지 않는 잘나가는 강사들의 7가지 성공 비밀(b). ,임수희 지음,_325.04_임561__
983,학교에서 알려주지 않는 인생 수업 : 인생을 단단하게 이끌어줄 인생 수업 7(b). ,김도사 지음,_199.1_김25ㅎ__
984,잘난 여자보다 똑똑한 여자가 잘 산다 : 프레임에서 벗어나 가슴 뛰는 삶을 선택하는 자기경영법(b). ,남소희 지음,_325.04_남55ㅈ__
985,(공부습관 잡고 공부머리 만드는) 성적 올리는 방과후 수업 200% 활용하는 비법. ,곽경빈 지음,_373.4_곽14ㅅ__
986,굿바이 아동학대. ,맹경숙 지음,_334.31_맹14ㄱ__
987,우리는 책 읽는 가족입니다. ,정미숙 지음,_029.4_정38ㅇ__
988,행복한 결혼생활을 위해 꼭 알아야 할 37가지. ,김희진 지음,_332.22_김97ㅎ__
989,7개의 목소리 : 라틴아메리카 문학의 증인들(b). ,리타 기버트 지음,_870.9_기44ㅇ__
991,나도 이제 공무원이다 : 43년차 공무원이 알려주는 실제 노하우!(b). ,박정녀 지음,_350.4_박74ㄴ__
992,사랑이 죽었는지 가서 보고 오렴 - 문학동네 시인선.209. ,박연준 지음,_811.6_박64ㅅ__
993,세이노의 가르침 : 피보다 진하게 살아라(b). ,세이노 지음,_325.04_세68ㅅ__
994,삶이 흔들릴 때 뇌과학을 읽습니다 : 우리의 마음과 행동을 결정하는 두뇌 법칙 25(b). ,이케가야 유지 지음,_511.1813_이874ㅅ__
995,느리게 나이 드는 습관 : 노년내과 의사가 알려주는 감속노화 실천법(b). ,정희원 지음,_511.1689_정97ㄴ__
996,나는 메트로폴리탄 미술관의 경비원입니다 : 가장 경이로운 세계 속으로 숨어버린 한 남자의 이야기(b). ,패트릭 브링리 지음,_848_브298ㄴ__
997,감정의 이해. ,엠마 헵번 지음,_181.7_헵44ㄱ__
998,나의 돈키호테. ,김호연 지음,_813.6_김95ㄴ__
999,제철 행복 : 가장 알맞은 시절에 건네는 스물네 번의 다정한 안부. ,김신지 지음,_818_김58ㅈ__
1000,초록을 입고 : 오은의 5월 - 시의적절.5. ,오은 지음,_818_오67ㅊ__
1001,I의 비극 : 요네자와 호노부 소설. ,요네자와 호노부 지음,_833.6_요194ㅇ__
1002,너는 나의 모든 사랑이야기 : 사랑은 강아지 모양. ,유링 글·그림,_818_유298ㄴ__
1003,왜 너는 편하게 살고자 하는가 - 라이즈 포 라이프.1. ,프리드리히 니체 지음,_165.77_니83ㅇ__
1004,나를 소모하지 않는 현명한 태도에 관하여. ,마티아스 뇔케 지음,_189.2_뇔874ㄴ__
1005,나쓰메 소세키 기담집 : 기이하고 아름다운 열세 가지 이야기. ,나쓰메 소세키 지음,_833.6_나57ㄴ__
1006,인성에 비해 잘 풀린 사람 : 월급사실주의 2024. ,남궁인 외 지음,_813.6_남16ㅇ__
1007,인생은 순간이다 : 삶이라는 타석에서 평생 지켜온 철학. ,김성근 지음,_695.704_김54ㅇ__
1008,나는 읽고 쓰고 버린다 : 손웅정의 말. ,손웅정 지음,_199.1_손66ㄴ__
1009,사랑을 무게로 안 느끼게 : 박완서. ,박완서 지음,_814.6_박65ㅅ__
1010,숙론 : 어떻게 마주 앉아 대화할 것인가. ,최재천 지음,_802.5_최73ㅅ__
1011,남은 인생 10년. ,고사카 루카 지음,_833.6_고52ㄴ__
1012,찌그러져도 동그라미입니다 : 김창완. ,김창완 지음,_818_김82ㅉ__
1013,젊은작가상 수상작품집 15회 (2024). ,김멜라 외 지음,_813.6082_김34ㅈ__
1014,내가 천 개의 인생에서 배운 것들. ,김도윤 지음,_818_김25ㄴ__
1015,유전자 지배 사회 : 정치·경제·문화를 움직이는 이기적 유전자. ,최정균 지음,_476.1_최74ㅇ__
1016,도쿄대 암기법 : 암기의 신이 알려주는 기억력 200% 활용법. ,미야구치 기미토시 지음,_373.4_미63ㄷ__
1017,인간실격 - 세계문학전집.103. ,다자이 오사무 지음,_833.6_다72ㅇ__
1018,구의 증명 : 최진영 소설 - 은행나무 시리즈 N°.7. ,최진영 지음,_813.6_최78ㄱ__
1019,"꽃길이 따로 있나, 내 삶이 꽃인 것을. ",오평선 지음,_818_오894ㄲ__
1020,모든 것은 기본에서 시작한다. ,손웅정 지음,_695.404_손66ㅁ__
1021,"어떻게 (살) 것인가 : 광수네,복덕방 그 첫 번째 이야기. ",이광수 [지음],_327.8_이15ㅇ__
1022,"어서오세요, 휴남동 서점입니다 : 황보름. ",황보름 지음,_813.6_황45ㅇ__
1023,이기적 유전자. ,리처드 도킨스 지음,_476.1_도878ㅇ__
1024,내일의 으뜸 : 김빵 장편 소설(b) - Dahyang romance story. ,김빵 지음,_813.6_김42ㄴ__
1025,아이는 무엇으로 자라는가 : 가족 심리학자 버지니아 사티어. ,버지니아 사티어 지음,_598.1_사888ㅇ__
1026,누군가를 이토록 사랑한 적 - 문학과지성 시인선.601. ,이병률 지음,_811.6_이44ㄴ__
1027,이처럼 사소한 것들 : 클레어 키건. ,클레어 키건 지음,_843_키14ㅇ__
1028,우리는 모두 죽는다는 것을 기억하라. ,웨인 다이어 지음,_199.1_다68ㅇ__
1029,맡겨진 소녀 : 클레어 키건 소설 - 북로드 해외문학 시리즈. ,클레어 키건 지음,_843_키14ㅁ__
1030,"물고기는 존재하지 않는다 : 상실, 사랑 그리고 숨어 있는 삶의 질서에 관한 이야기. ",룰루 밀러 지음,_490.99_밀294ㅁ__
1031,아주 큰 호랑이. ,"이상교 글,유준재 그림",_031_생12_1_
1032,글자로 지은 집. ,"신혜은 글,양혜원 그림",_031_생12_2_
1033,글자를 돌려줘!. ,"장유경 글,엘레나 디 팔마 그림",_031_생12_3_
1034,꼬부랑 꼬부랑 말놀이 해 볼까나?. ,"차보금 글,권문희 그림",_031_생12_4_
1035,꿈속의 알렉산드리아 도서관. ,"김동명 글,츠베타예바 엘레나 그림",_031_생12_5_
1036,몽이의 옛날 시장 구경. ,"조혜진 글,김연주 그림",_031_생12_6_
1037,세계의 문화가 달라. ,"한대규 글,최수영 그림",_031_생12_7_
1038,사자 림보의 변신. ,"김경화 글,이지원 그림",_031_생12_8_
1039,알록달록 내 마음. ,"김민화 글,김민주 그림",_031_생12_9_
1040,타고 가자 세계 여행. ,"김재민 글,박정은 그림",_031_생12_10_
1041,옛 도성을 찾아 역사 여행. ,"강응천 글,정승환 그림",_031_생12_11_
1042,동혁이의 경제 배우기. ,"박원배 글,주디타 가비라기 그림",_031_생12_12_
1043,특명! 직업을 알아내라. ,"김한준 글,우주로 그림",_031_생12_13_
1044,쥐돌이의 장소 탐험. ,"강종범 글,유혜경 그림",_031_생12_14_
1045,꼬마 요술쟁이는 돌아왔을까?. ,"이윤희 글,정미예 그림",_031_생12_15_
1046,동물들도 마음이나 생각을 주고받을까?. ,"황보연 글,인강,해영 공그림",_031_생12_16_
1047,화석이 들려주는 공룡 이야기. ,"임종덕 글,오정택 그림",_031_생12_17_
1048,식물들의 재미난 이름 이야기. ,"전영호 글,최병옥 그림",_031_생12_18_
1049,꿈틀꿈틀 몸 속에선 무엇이 움직이고 있을까?. ,"김미경 글,박해남 그림",_031_생12_19_
1050,음식 속에 숨은 비밀. ,"최미다 글,나타샤 로젠버그 그림",_031_생12_20_
1051,아빠 수달이 만든 사계절 그림책. ,"김철수 글,박유니 그림",_031_생12_21_
1052,몰라씨의 큰 바위 소동. ,"김은하 글,박미애 그림",_031_생12_22_
1053,천하무적 갑옷 만들기. ,"오윤정 글,노은정 그림",_031_생12_23_
1054,이렇게 시작된 발명. ,"허정림 글,김예슬 그림",_031_생12_24_
1055,로보티와 파비. ,"김수경 글,이량덕 그림",_031_생12_25_
1056,무엇을 타고 갈까?. ,"이세연 글,김지현 그림",_031_생12_26_
1057,강아지를 키우기 위한 정보 찾기. ,"이윤규 글,백선웅 그림",_031_생12_27_
1058,우주 올림픽. ,"김지현 글,박수지 그림",_031_생12_27_
1059,뽀글뽀글 산호 마을 이야기. ,"신정민 글,박현주 그림",_031_생12_29_
1060,외계인 삐리의 수 깨치기. ,"이민진 글,최희영 그림",_031_생12_30_
1061,내가 도형 중 으뜸이라고!. ,"이범규 글,정소연 그림",_031_생12_31_
1062,신기한 추론 여행. ,"이미경 글,윤지회 그림",_031_생12_32_
1063,지식 항아리의 문제를 해결하라!. ,"박현정 글,안은빛 그림",_031_생12_33_
1064,재고 또 재서 공주님의 신랑감 찾기. ,"이운영 글,홍우리 그림",_031_생12_34_
1065,달로아유 섬에서 배운 표와 그래프. ,"신은미 글,조화평 그림",_031_생12_35_
1066,늑대 학교로 오세요. ,"허은실 글,오진욱 그림",_031_생12_36_
1067,음악은 내 친구. ,"장혜경 글,변유정 그림",_031_생12_37_
1068,미술관의 도마뱀. ,"김해숙 글,배윤환 그림",_031_생12_38_
1069,나를 이기는 스포츠의 세계. ,"이호정 글,에스더 그림",_031_생12_39_
1070,숲 속 동물들의 시끌벅적 연극 만들기. ,"권재원 글,신상우 그림",_031_생12_40_
1071,탈을 쓰고 놀아 보자!. ,"시지은 글,곽진영 그림",_031_생12_41_
1072,건축 속에 숨은 이야기. ,"이재인 글,마우로 에반젤리스타 그림",_031_생12_42_
1073,생각 챔피언은 누구. ,"구수희 글,김은정 그림",_031_생12_43_
1074,움직이는 가게. ,"장혜경 글,안재선 그림",_031_생12_44_
1075,생태적 글쓰기를 하는 마음  : 나와 세상을 연결하고 공감력을 키우는 글쓰기로 우리 삶을 회복하기. ,정윤희 지음,_802_정66__
1076,외계인 피피의 지구 방문기. ,"오주영,김경란 같이글,성배,이주윤 같이그림",_710_호58_1_
1077,여기는 어린이 방송국입니다. ,"오주영,박신식 같이글,성배,조미애 같이그림",_710_호58_2_
1078,마리의 모델 대소동. ,"오주영,이미애 같이글,성배,경하 같이그림",_710_호58_3_
1079,내가 무엇이 문제야?. ,"오주영,이미애 같이글,성배,유민아 같이그림",_710_호58_4_
1080,폼페이에서 만난 마르코. ,"오주영,강효미 같이글,성배,정소연 같이그림",_710_호58_5_
1081,얼렁이와 뚱땅이의 추리. ,"오주영,김경란 같이글,박윤,고원주 같이그림",_710_호58_6_
1082,바람도서관을 지켜라!. ,"오주영,강효미 같이글,박윤,장정윤 같이그림",_710_호58_7_
1083,대리석 공주와 현명한 왕자. ,"오주영,양대승 같이글,박윤,최수영 같이그림",_710_호58_8_
1084,내게는 마법 구슬이 있어요. ,"오주영,양대승 같이글,박윤,정주현 같이그림",_710_호58_9_
1085,유령의 집에 사는 빅터 할아버지. ,"남춘자,서유진 같이글,황하석,홍찬주 같이그림",_710_호58_10_
1086,새 친구가 이사 왔어요. ,"남춘자,김유리 같이글,황하석,황성혜 같이그림",_710_호58_11_
1087,서당의 두 학생. ,"남춘자,정회성 같이글,황하석,김도연 같이그림",_710_호58_12_
1088,장기 자랑으로 무얼 할까?. ,"남춘자,송윤섭 같이글,황하석,눈감고그리다 같이그림",_710_호58_13_
1089,내 몫은 너희들의 두 배야!. ,"남춘자,송윤섭 같이글,김은정,송은경 같이그림",_710_호58_14_
1090,현수의 꿈은 로봇 과학자. ,"남춘자,황근기 같이글,김은정,김숙경 같이그림",_710_호58_15_
1091,초롱이는 우리 가족이에요. ,"남춘자,양태석 같이글,김은정,김혜란 같이그림",_710_호58_16_
1092,토미에 행복 빵집의 비밀. ,"남춘자,김경옥 같이글,김은정,백승민 같이그림",_710_호58_17_
1093,스크루지의 행복하게 사는 법. ,"서예나,이혜다 같이글,윤희동,배서현 같이그림",_710_호58_18_
1094,김 선달을 잡아 주오. ,"서예나,박상민 같이글,윤희동,백금림 같이그림",_710_호58_19_
1095,집에서 쫓겨난 옹고집 씨. ,"서예나,김이리 같이글,윤희동,조은애 같이그림",_710_호58_20_
1096,특종! 베니스의 재판. ,"서예나,박보영 같이글,박승원,최은영 같이그림",_710_호58_21_
1097,구두장이 닐로프 이야기. ,"서예나,노혜연 같이글,박승원,김연주 같이그림",_710_호58_22_
1098,지혜의 왕 솔로몬을 만난 단후. ,"서예나,이향안 같이글,정경호,임미란 같이그림",_710_호58_23_
1099,로빈 후드의 일기. ,"서예나,홍윤희 같이글,정경호,이미정 같이그림",_710_호58_24_
1100,탐정 K의 비밀 수첩. ,"강효미, 손성희",_710_호58_25_
1101,통합 상식 뉴스. ,"양대승, 이한울,이창우",_710_호58_26_
1102,시골로 간 뚱보 아저씨. 1,"박안나 지음,조은희 그림",_108_톡885_1_
1103,걱정으로 채워진 항아리. ,"이붕 글,서숙희 그림",_108_톡885_2_
1104,반달 눈썹이 된 뻐꾸기. ,"김혜리 글,신지수 그림",_108_톡885_3_
1105,돌에 새긴 우정. ,"안선모 글,임정호 그림",_108_톡885_4_
1106,누가 고슴도치나무에 올라갈래?. ,"백승자 글,이혜영 그림",_108_톡885_5_
1107,심술은 나를 외롭게 해. ,"백익천 글,박종채 그림",_108_톡885_6_
1108,한 걸음 한 걸음. ,"김향이 글,신희진 그림",_108_톡885_7_
1109,마음으로 세어요. ,"고수산나 글,정현아 그림",_108_톡885_8_
1110,내가 먼저 네가 먼저?. ,"이재희 글,김선숙 그림",_108_톡885_9_
1111,부풀리다 터진 말. ,"김남길 글,조준지 그림",_108_톡885_10_
1112,꿀꺽 꿀꺽 물렁 괴물. ,"신정민 글,김원정 그림",_108_톡885_11_
1113,초초와 그믐달. ,"이경혜 글,이희탁 그림",_108_톡885_12_
1114,돌 항아리. ,"박안나 글,신나나 그림",_108_톡885_13_
1115,귀찮아 귀찮아. ,"우현옥 글,오정택 그림",_108_톡885_14_
1116,겉모습이 다는 아냐. ,"양태석 글,김병호 그림.",_108_톡885_15_
1117,고집쟁이 올리. ,"김남중 글,최양숙 그림",_108_톡885_16_
1118,그냥나무들의 햇볕 다툼. 17,"김병규 지음,허수진 그림",_108_톡885_17_
1119,초롱이의 욕심. ,"윤미영 글,황정원 그림",_108_톡885_18_
1120,토리의 거짓말. ,"고수산나 글,손정현 그림",_108_톡885_19_
1121,혼자서도 이겼을까?. ,"구민애 글,송정화 그림",_108_톡885_20_
1122,되돌아온 착한 마음. ,"함영연 글,이필원 그림",_108_톡885_21_
1123,머지와 사과나무. ,"이붕 글,최은영 그림",_108_톡885_22_
1124,부르노 가족의 배탈 소동. ,"박민호 글,김미라 그림",_108_톡885_23_
1125,들꽃 마을 우체부. ,"김문기 글,노성욱 그림",_108_톡885_24_
1126,세상에서 가장 강한 건?. ,"원유순 글,이재연 그림",_108_톡885_25_
1127,달콤한 말에 빠진 보물나무. ,"이규희 글,이석 그림",_108_톡885_26_
1128,방패연과 가오리연. ,"이경혜 글,한승희 그림",_108_톡885_27_
1129,밤나무 밑 알밤 다섯 알. ,"유효진 글,조수진 그림",_108_톡885_28_
1130,이랬다 저랬다. ,"이지현 글,홍우리 그림",_108_톡885_29_
1131,"성모상과 늙은 음악가, 솜씨좋은 도둑. ","송진우 새로 엮음,파비오 레오네 그림",_388.1_호63__
1132,트윈 : 유진서 장편소설. ,유진서 지음,_813.7_텍57__
1133,녹색 광선. ,강석희,_813_강54ㄴ__
1134,뼈가 쑥쑥 키가 쑥쑥. ,"소년사진신문사 글,오쿠보 도모히로 그림,류화선 옮김",_408_생12_1_
1135,그림자는 흉내쟁이. ,"나카가와 마사후미 글,호리우치 세이치 그림,전희정 옮김",_408_생12_2_
1136,튼튼한 이. ,"가코 사토시 글·그림,전희정 옮김",_408_생12_3_
1137,똥 박사님의 동물 똥 연구소. ,"야마와키 교 글,하타 고시로 그림,김정화 옮김",_408_생12_4_
1138,씨앗들의 작전. ,"이나가키 히데히로 글,이마키 미치 그림,전희정 옮김",_408_생12_5_
1139,"찾았다, 북두칠성. ","후지에다 미오코 글,쓰지무라 마스로 그림,전희정 옮김",_408_생12_6_
1140,숲 속 숨바꼭질. ,"헨리 콜 글·그림,황지영 옮김",_408_생12_7_
1141,무엇이 세상에서 가장 클까요?. ,"로버트 웰스 글·그림,엄혜숙 옮김",_408_생12_8_
1142,영양만점 음식대행진. ,"엘리시아 카스탈디 글·그림,김혜진 옮김",_408_생12_9_
1143,손톱은 대단해. ,"소년사진신문사 글,나카야마 시게코 그림,전희정 옮김",_408_생12_10_
1144,신발이 울퉁불퉁. ,"모모키 이치로 글·그림,고향옥 옮김",_408_생12_11_
1145,거미가 집을 지어요. ,"고바야시 도시키 글,이시바시 마키코 그림,서지연 옮김",_408_생12_12_
1146,"흥,  나를 잡아먹겠다고?. ","스티브 젱킨스 글·그림,곽미영 옮김",_408_생12_13_
1147,서로 돕고 사는 동물들. ,"호세 아루에고,아리안 듀이 글·그림,황지영 옮김",_408_생12_14_
1148,빛보다 빠른 것은 무엇일까?. ,"로버트 프로먼 원작,아마노 유키치 글,아베 히로시 그림,류화선 옮김",_408_생12_15_
1149,철새 새미의 기나긴 비행. ,"얀 손힐 글,김소연 그림,김혜진 옮김",_408_생12_16_
1150,머릿속이 궁금해. ,"다카하시 유지 글,야규 겐이치로 그림,김정화 옮김",_408_생12_17_
1151,우리 몸은 따뜻해. ,"소년사진신문사 글,다카타 가오리 그림,전희정 옮김",_408_생12_18_
1152,작은 곤충들의 세계. ,"도쿠다 유키히사 글,다카하시 기요시 그림,류화선 옮김",_408_생12_19_
1153,붉은바다거북의 고향은 어디일까?. ,"니콜라 데이비스 그림,제인 체프먼 그림,박은호 옮김",_408_생12_20_
1154,바람. ,"요시노 마사아키 글·그림,전희정 옮김",_408_생12_21_
1155,작은구름의 여행. ,"톰 리흐텐헬트 글·그림,엄혜숙 옮김",_408_생12_22_
1156,태양 빛은 어디로 갈까?. ,"몰리 뱅 글·그림,최순희 옮김",_408_생12_23_
1157,별을 보는 할아버지. ,"모리나오 글·그림,이태용 옮김",_408_생12_24_
1158,흡 들이쉬고 후 내쉬고. ,"사카이 오사무 글·그림,고향옥 옮김",_408_생12_25_
1159,배꼽의 비밀. ,"야규 겐이치로 글·그림,서지연 옮김",_408_생12_26_
1160,고구마를 키워요. ,"고미야마 나미오 글·그림,김정화 옮김",_408_생12_27_
1161,"판다야,  안녕. ","이와고 미쓰아키 글·사진,황지영 옮김",_408_생12_28_
1162,단풍나무가 자라요. ,"로리 니콜스 글·그림,곽미영 옮김",_408_생12_29_
1163,일하는 자동차 촐동!. ,"윌리엄 로 글·그림,장미란 옮김",_408_생12_30_
1164,공룡이 마신물을 내가 마셨다고요?. ,"로버트 웰스 글·그림,송미영 옮김",_408_생12_31_
1165,지구가 뜨거워지면. ,"브렌다 기버슨 글,차드 월리스 그림,송미영 옮김",_408_생12_32_
1166,가장 빠른 달리기. ,"아베 가오루 글,호리우치 세이치 그림,전희정 옮김",_408_생12_33_
1167,아이스 크리스마스. ,"오리타 미치요 글,야마다 가쓰야 그림,서지연 옮김",_408_생12_34_
1168,분리수거하는 날. ,"에드워드 밀러 글·그림,김혜진 옮김",_408_생12_35_
1169,나뭇잎 아저씨. ,"로이스 엘럿 글·그림,곽미영 옮김",_408_생12_36_
1170,작은 생명들의 노래. ,"캐럴 거버 글,유진 옐친 그림,엄혜숙 옮김",_408_생12_37_
1171,장난감 병원. ,"가사노 유이치 글·그림,서지연 옮김",_408_생12_38_
1172,내가 최고 공룡이야. ,"브렌다 기버슨 글,게나디 스피린 그림,송미영 옮김",_408_생12_39_
1173,아주 특별한 동물원. ,"니시오카 리키 글·그림,이태용 옮김",_408_생12_40_
1174,누가 진짜일까?. ,"존 무스 글·그림,공경희 옮김",_843_존36ㄴ__
1175,미생물 정원. ,"케이티 브로스넌 지음,김보은 옮김",_511.5_케68ㅁ__
1176,나와 태양의 배. ,"나카반 글·그림,이은주 옮김",_833.8_온17__
1177,세상에서 가장 아름다운 나무. ,"버나뎃 와츠 글·그림,김경연 옮김",_843.6_버192ㅅ__
1178,오늘은 월요일. ,"에릭 칼 글·그림,이상희 옮김",_843_에298ㅇ__
1179,(꼬마 장사꾼) 아니타 로딕 기업가 되다. ,"박보영 글,한승임 그림",_321_박45ㅇ__
1180,집으로 돌아가는 길. ,"마이클 모퍼고 지음,케리 하이드먼 그림,황연재 옮김",_808.9_모26_5_
1181,이건 내가 최고!. ,"벤 레들리치 글·그림,김경연 옮김",_843_벤294ㅇ__
1182,"북극곰아,  북극곰아,  무슨 소리가 들리니?. ","빌 마틴 주니어 글,에릭 칼 그림,이희재 옮김",_843_빌32ㅂ__
1183,친구가 될 수 있어. ,김규리,_813.7_김16ㅊ__
1184,이 길. ,"우치다 린타로 글,다카스 가즈미 그림,명정화 옮김",_808.9_모26_11_
1185,새로운 시작. ,"파울라 카르바예이라 글,존야 다노프스키 그림,김시형 옮김",_808_파66ㅅ__
1186,자유의 여신상의 오른발. ,"데이브 에거스 지음,숀 해리스 그림,황연재 옮김",_808.9_모26_22_
1187,라푼젤 머릿니 소탕 작전. ,"엘 에마토크리티코 글,마르 비야르 그림,박나경 옮김",_873_엘64ㄹ__
1188,"안녕,  쿠  : 판다 쿠가 불러 주는 계절의 노래. ","존 무스 글·그림,박소연 옮김",_843_존36ㅇ__
1189,갈색 곰아 갈색 곰아 무엇을 보고 있니?. ,"빌 마틴 주니어 글,에릭 칼 그림,김세실 옮김",_843_빌32ㄱ__
1190,욕심꾸러기 비단뱀. ,"리처드 버클리 글,에릭 칼 그림,허은실 옮김",_843_리83ㅇ__
1191,세 친구 : 박수현 교육소설. ,박수현 지음,_813.6_박56ㅅ__
1192,내일은 실험왕 지구 역사의 대결. ,"스토리 a., 홍종현",_407_내68_22_
1193,내일은 실험왕 열의 대결. ,"곰돌이 Co. 글,홍종현 그림",_407_내68_10_
1194,내일은 실험왕 에너지의 대결. ,"스토리 a. 글,홍종현 그림",_407_내68_24_
1195,내일은 실험왕 달의 대결. ,"스토리 a. 글,홍종현 그림.",_407_내68_23_
1196,오디세이. ,"가레스 하인즈 지음,황윤영 옮김",_892.1_가294ㅇ__
1197,(살아 있는) 공룡 대백과. ,"더글라스 딕슨 글,임종덕 옮김",_457_디57__
1198,(머리부터 발끝까지) 인체의 비밀. ,"스티브 파커 글,이미정 옮김",_457_디57__
1199,캐리커처  : 단요 장편소설. ,단요,_813.7_단65ㅋ__
1200,지리를 알면 여행이 보인다  : 청소년을 위한 세계 여행 가이드. ,"최재희 지음,안진영 본문 일러스트",_980_최73ㅈ__
1201,토끼전 대 호랑전 : 명절맞이 부침개 대결. ,정현진 지음,_813.8_정94ㅌ__
1202,"(7시 29분), 무엇이든 배달해 드립니다. ","김민선, 김유",_813.7_김38ㅁ__
1203,바다에 미래가 있다 : 10대를 위한 해양과학 이야기. ,"이고은,김웅서,박주면,이연주,장찬주 공지음",_454_이15ㅂ__
1204,내일은 달콤한 기분. ,"김혜정 ,무디 그림",_813.7_김94ㄴ__
1205,죽음의 책  : 궁금하지만 묻지 못했던 죽음에 대한 모든 것. ,"카타리나 폰 데어 가텐 글,앙케 쿨 그림,심연희 번역",_126_카882ㅈ__
1206,반달 : 김명석 장편소설. ,김명석,_813.7_김34ㅂ__
1207,웰씽킹 : 부를 창조하는 생각의 뿌리. ,켈리 최 지음,_325_켈298ㅇ__
1208,고추밭 연가  : 내게 어머니는 무조건 옮다. ,장미숙 지음,_814.7_장38ㄱ__
1209,우산도는 왜 독도인가. ,이기봉 지음,_911.8_이18ㅇ__
1210,파란 고양이 : 이선주 소설. ,이선주,_813.7_이54ㅍ__
1211,스베덴보리의 천상여행기. ,"스베덴보리 지음,도널드 로즈 엮음,김원옥 옮김",_231_스44ㅅ__
1212,"우리,  공부합시다. ",정현희 지음,_325_정94ㅇ__
1213,어떻게 나로 살 것인가. ,"로렌 헨델 젠더 지음,김인수 옮김",_199_로294ㅇ__
1214,우리는 언제나 늑대였다. ,"애비 웜백 지음,이민경 옮김",_182.2_애48ㅇ__
1215,생각을 이기는 행동의 힘   : 생각만 하는 천재보다 행동하는 바보가 돼라. ,"센다 타쿠야 지음,김웅철 옮김",_325_센22ㅅ__
1216,방학공부법 : 방학에 혼자 하는 공부가 성적 급상승의 비결이다. ,박철범 지음,_373.4_박83ㅂ__
1217,엄마표 책육아  : 그림책에서 이야기책까지. ,지에스더 지음,_598_지64ㅇ__
1218,"열혈엄마 똑똑한 육아법  : 0~24개월,  헬육아 말고 꿀육아. ","백다은 지음,다즈랩 그림",_598_백22ㅇ__
1219,행복 시크릿  : 어제보다 더 행복해지기 위한 56가지 마음 훈련법. ,"류창장 지음,정은지 옮김",_199.1_류82ㅎ__
1220,하루를 시작하면서 마음부터 챙겨보게  : 영험한 달리라마에게 배우는 인생 수업. ,"스티븐 모리슨 지음,김문주 옮김",_199.1_스888ㅎ__
1221,나의 이름은 KB창작동화제. ,원민희 외,_810_원38ㄴ_34_
1222,"산타 스카우트, 크리스마스 대작전. ","조현아 원작,김영리 글",_813_조94ㅅ__
1223,"상식을 뒤엎는 돈의 심리학, 돈을 보는 관점이 그 사람의 인생을 좌우한다. ","저우신위에 지음,박진희 옮김",_327_저66ㅅ__
1224,"고전 읽기 독서법, 기적을 부르는 완벽한 고전 독서 교육. ",임성훈 지음,_029.8_임54ㄱ__
1225,동아시아의 명산. ,박용수,_699_박65ㄷ__
1226,시간에 반해 본 적 있는가  : 같은 시간을 다르게 쓰는 법. ,조성실 지음,_325.2_조54ㅅ__
1227,"지친 당신에게 고요를 선물합니다, 지금 당장 행복해지고 싶다면. ","팀 콜린스 지음,루카 바 그림,김문주 옮김",_189_팀875ㅈ__
1228,서재의 마법  : 지식 세대를 위한 좋은 독서 탁월한 독서 위대한 독서법. ,"김승,김미란,이정원 지음",_029_김57ㅅ__
1229,일찍 일어나는 기술 : 아침 30분이 당신의 3년 후를 결정한다. ,"후루카와 다케시 지음,김진희 옮김",_325_후296ㅇ__
1230,풋감으로 쓴 시 : 시니어 그림책. ,"오현아 글,엄정원 그림",_813.8_오94ㅍ__
1231,100 인생 그림책. ,"하이케 팔러 글,발레리오 비달리 그림,김서정 옮김",_853_하68ㅂ__
1232,따끈따끈 붕어빵 대결. ,김원훈 지음,_813.8_김66ㄸ__
1233,밀웜 특공대. ,"김두경 글,이승아 그림",_813.7_김26ㅁ__
1234,몬스터 아파트. ,"안성훈 지음,하오 그림",_813.8_안54ㅁ_1_
1235,미야옹 마음 분식점. ,"주미 글,암병현 그림",_813.8_주38ㅁ_1_
1236,2.5층 너머로. ,은이결,_813.7_꿈16__
1237,"나, 비. ",신현준,_811_나48__
1238,국어 교과 작품 읽기 중２소설. ,김미영，　서덕희,_810_김38ㄱ__
1239,아홉 살 마음 사전. ,"박성우 글,김효은 그림",_181_박54ㅇ__
1240,나의 엄마. ,강경수 지음,_813.8_강14ㄴ__
1241,내 마음이 말할 때. ,"마크 패롯 글,에바 알머슨 그림,성초림 옮김",_843_웅78_193_
1242,빨간 모자 의상실. ,글· 이사랏,_843_웅78_69_
1243,우리는 친구. ,"앤서니 브라운 글·그림,장미란 옮김",_843_웅78_125_
1244,사랑 사랑 사랑. ,"맥 바넷 글,카슨 엘리스 그림,김지은 옮김",_843_웅78_219_
1245,어떡하지?. ,앤서니 브라운 글·그림.,_808.91_웅78_144_
1246,바람이 불지 않으면. ,서한얼 지음,_813.8_서92ㅂ__
1247,비밀 친구가 생겼어. ,"수전 메도 글·그림,허미경 옮김",_843_수74ㅂ__
1248,우리 아빠는요. ,반성희 글·그림,_813.8_웅78_84_
1249,한 번 보러오지 않을래?. ,"박종진 지음,밀가 그림",_808.9_박75ㅎ__
1250,파도야 놀자. ,이수지 지음,_808.9_이56ㅍ__
1251,강아지똥. ,"권정생 글,정승각 그림",_813.8_권74ㄱ__
1252,붕붕 꿀약방  : 쿨쿨 겨울잠을 자요. ,심보영 글·그림,_813.8_심45ㅂ__
1253,잠자는 나무 호텔. ,"고야마 요시코, 이케즈미 히로코, 조수희",_833_고63ㅈ__
1254,머리숱 많은 아이 그림책. ,이덕화 글·그림,_813.8_이24ㅁ__
1255,오늘 내 기분은.... ,"메리앤 코카-레플러 글·그림,김영미 옮김",_843_메298ㅇ__
1256,수줍은 곰과 친구가 된다면. ,"트레이시 코드로이, 사라 마시니, 권미자",_843_트294ㅅ__
1257,낙엽 다이빙. ,강은옥,_813.7_강67ㄴ__
1258,나도 강아지 키우고 싶어요!. ,"함지슬 글,서영 그림",_375_지58__
1259,오늘의 마음에게 안녕? 어린이 명상 그림책. ,"루이즈 블레이든 글,앤절라 페리니 그림,한소영 옮김",_808_루68ㅇ__
1260,엘자의 달고양이. ,"알리스 브리에르아케 글,마갈리 르 위슈 그림,조은수 옮김",_863_알298ㅇ__
1261,노래로 배우는 우리는 조선 왕. ,김은영 그림,_911_김67ㄴ__
1262,아기 두더지의 모험. ,국립농업박물관 편,_520_국298ㅇ__
1263,우리 가족은 코끼리를 키운다. ,"박종진 글,김순영 그림",_529_박75ㅇ__
1264,흥부네 기와집 놀부네 초가집. ,"박수연 글,장라영 그림",_375_박56ㅎ__
1265,내 동생이니까 (별똥별 인성동화). ,"김주영 글,김동훈 그림",_190_김76ㄴ__
1266,시인과 요술 조약돌. ,"팀 마이어스 글,한성옥 그림,김서정 옮김",_808.9_팀32ㅅ__
1267,솜사탕을 든 아이. ,"김금향, 조태겸",_813.7_김17ㅅ__
1268,너 아직도 똥 못 쌌지?. ,"김하은 글,김고은 그림",_813.8_김92ㄴ__
1269,샤를의 기적. ,"알렉스 쿠소, 필리프-앙리 튀랭, 조정훈",_863_알294ㅅ__
1270,멸치 대왕의 꿈. ,"이월 글,이종균 그림",_813.8_피298__
1271,회복기  : 허은실 시집. ,허은실,_811_허67ㅎ__
1272,아빠와 민들레. ,"에이미 다이크맨 글,찰스 산토소 그림,이정은 옮김",_808_나197_13_
1273,섞어 봐! : 새로운 색깔의 탄생. ,"아리 청 글·그림,도담도담 옮김",_808_나197_35_
1274,상어를 조심해. ,"오윤선 글,김병남 그림",_408_놀292_30_
1275,커다란 수박. ,"오윤선 글,문명예 그림",_408_놀292_62_
1276,미래 에너지로 지구를 구한다면 : 수소전지부터 인공태양까지 기후위기 시대의 과학. ,"박순혜,이효정 지음",_500_박56ㅁ__
1277,"으라차차 도전왕 밀리 : 끝까지 해내는 힘,  문제 해결력을 키우는 연습. ","브렌다 리 글·그림,한성희 번역",_843_브294ㅇ__
1278,멜론 몬스터 통통 1. 지구는 처음이야. ,"유병록,그린이: 벼레",_813.7_유44ㅁ_1_
1279,100문장으로 쓰고 배우는 청소년 필수 고전. ,박균호,_810_박16ㅂ__
1280,북극곰이 녹아요. ,"박종진 글,이주미 그림",_539_박75ㅂ__
1281,"날아라,  왕잠자리. ","마쓰오카 다쓰히데 글·그림,정영원 옮김",_495_마57ㄴ__
1282,바람 부는 날. ,정순희 글·그림,_813.8_비295_16_
1283,"비야,  안녕!. ",한자영 글·그림,_813.8_비295_39_
1284,내 친구 커트니. ,"존 버닝햄 글.그림,고승희 옮김.",_808_비295_29_
1285,내 사랑 뿌뿌. ,"케빈 헹크스 글·그림,이경혜 옮김",_808_비295_36_
1286,꼬마 구름 파랑이. ,"토미 웅거러 글·그림,이현정 옮김",_808_비295__
1287,"수잔네의 봄, 4미터 그림책. ","로트라우트 수잔네 베르너 지음,윤혜정 옮김",_853_로887ㅅ__
1288,퍼즐. ,이은경 글·그림,_813.7_이67ㅍ__
1289,나는 무죄다. ,"다비데 오레키오 글,마라 체리 그림,차병직 옮김",_883_다48ㄴ__
1290,즐리 삼 형제. ,"알렉스 쿠소 글,안리즈 부탱 그림,나선희 옮김",_863_알294ㅈ__
1291,21-55 철공소. ,한영림,_813.7_비295_81_
1292,기억 공장. ,"안오일 글,신진호 그림",_813.7_안65ㄱ__
1293,노란 버스. ,"로렌 롱 지음,윤지원 옮김",_843_로294ㄴ__
1294,옆집에 공룡이 산다. ,"데이비드 리치필드 글·그림,홍연미 옮김",_843_데68ㅇ__
1295,쑥쑥 콩. ,글· 김혜진,_813.7_웅78_128_
1296,고래 아이. ,"룰루 리마, 나탈리아 그레고리니, 정가희",_879_룰296ㄱ__
1297,도서관 고양이  : 두 번째 이야기. ,"최지혜 글,김고둥 그림",_813.7_한66__
1300,오늘의 할 일  : 김동수 그림책. ,김동수,_813.7_김25ㅇ__
1301,다리. ,"에바 린드스트룀,옮긴이: 이유진",_859_에42ㄷ__
1302,두 팔 활짝 벌리고. ,"안토니오 루비오 글,마리아 히론 그림,문주선 옮김",_873_안885ㄷ__
1303,푸른 비단옷을 입은 책  : 외규장각 어람용 의궤. ,"박혜선 글,정인성,천복주 그림",_911_박94ㅍ__
1304,엄마의 고물상. ,현지영 글·그림,_813.7_현78ㅇ__
1305,문제가 문제야  : 양과 늑대의 이야기. ,"신순재 글,조미자 그림",_813.7_신56ㅁ__
1306,붉은 엄마  : 김지연 그림책. ,김지연,_813.7_김78ㅂ__
1307,엄마의 여름 방학. ,김유진 지음,_813.8_김66ㅇ__
1308,내가 부엉이를 잘 그리는 이유. ,"힐러리 호더 히플리 글,맷 제임스 그림,황유진 옮김",_843_힐294ㄴ__
1309,우리 말대로 해!. ,"리센 아드보게 글·그림,전시은 옮김",_859_리54ㅇ__
1310,고릴라의 뒷모습. ,"슬로보트, 이수연",_813_어24__
1311,꼬리치레 도롱이의 봄봄. ,"염노섭 글,김지술 그림",_813.7_핑14__
1312,뜨뜨뜨뜨 뜩구. ,이혜란 글·그림,_813.8_이94ㄸ__
1313,독고 씨의 마당. ,이종균,_813_이75ㄷ__
1314,빨간 사과가 먹고 싶다면. ,"진주 글,가희 사진그림",_813.8_진76ㅃ__
1315,예쁜 아기 오리. ,"이루리 글, 바루 그림",_813.8_지58__
1316,내가 너보다 커. ,"엘레나 레비, 줄리아 파스토리노, 이현경",_883_날13__
1317,포도방방. ,최혜진 글.그림,_813.8_최94ㅍ__
1318,달의 맛. ,"미하엘 그레이니에츠 글·그림,용희진 옮김",_853_미293__
1319,시계탕. ,글· 권정민,_813.7_웅78_71_
1320,어느 날 똑똑. ,박지희,_813.7_박78ㅇ__
1321,회장도 월급이 필요해. ,"이수용,그린이: 최경식",_813.7_이56ㅎ__
1322,휠체어 공주는 없어요?. ,"공진하 글,홍선주 그림",_813.7_공78ㅎ__
1323,"흰,  눈이 그치면 white. ","스테판 키엘 지음,김자연 옮김",_863_스884ㅎ__
1324,"해피버쓰데이 = ,Happy birthday. ",백희나 글·그림,_813.8_백97ㅎ__
1325,엄마와 성당에. ,"조동익 지음,소복이 그림",_813.8_조25ㅇ__
1326,상우가 없었다면. ,"송명원 동시,김푸른 그림",_811_송34ㅅ__
1327,마니토를 찾습니다. ,"임소영 글,불키드 그림",_813.7_임55ㅁ__
1328,광대 특공대. ,"장은영 글,인디고 그림",_813.7_장67ㄱ__
1329,"아가미 소년,전자자료. ","우설리 글,Sujan 그림",_539_우54ㅇ__
1330,"날아라,  황조롱이 바람이. ",국립생태원,_813.7_신192ㄴ__
1331,로봇 택시 기사 무디. ,"박선화 글,김일주 그림",_813.7_책68__
1332,4×4의 세계. ,"조우리,그린이: 노인경",_813.7_창48__
1333,서브. ,"탁정은 글,이명애 그림",_813.7_탁74ㅅ__
1334,고요한 읽기. ,이승우 지음,_814_이57ㄱ__
1335,술 맛 멋. ,김혜나 지음,_818_김94ㅅ__
1336,죽음과 크림빵. ,우신영,_813.7_우58ㅈ__
1337,"담이, 화이. ",배지영,_813.7_배78ㄷ__
1338,환희의 책. ,김멜라 지음,_813_김34ㅎ__
1339,부끄러움의 시대. ,장은진,_813.7_장67ㅂ__
1340,타오. ,김세화 지음,_813.7_김54ㅌ__
1341,"우는 나와 우는 우는 : 장애와 사랑,  실패와 후회에 관한 끝말잇기. ",하은빈 지음,_818_하67ㅇ__
1342,"최소한의 나  : 지구 그 위,  모든 존재를 향한 마음. ","하서찬,이준희,이경란,안리준,박,김도일,권제훈",_813.7_하54ㅊ__
1343,기기묘묘 방랑길. ,박혜연 지음,_813.7_박94ㄱ__
1344,크림의 무게를 재는 방법. ,조시현 지음,_813.7_조58ㅋ__
1345,고상하고 천박하게. ,"김사월,이훤",_818_둘68_1_
1346,100세 철학자의 사랑수업. ,김형석,_814_김94ㅂ__
1347,우리는 조금 더 다정해도 됩니다. ,김민섭 지음,_818_김38ㅇ__
1348,(굴뚝새와 떠나는) 정원 일기. ,일곱째별 글·그림,_818_일15ㅈ__
1349,오키나와 스파이. ,김숨,_813.7_김56ㅇ__
1350,"에디터의 기록법  = ,The editor's notes. ","김송희,김지원,김혜원,김희라,도헌정,손현,오별님,윤성원,조성도,허완",_818_김55ㅇ__
1351,"방구석 수필  : 가족,  나를 만든 사람들. ",이민석,_818_이38ㅂ__
1352,홈랜드 엘레지. ,"아야드 악타르 지음,민승남 옮김",_843_아63ㅎ__
1353,파주. ,김남숙,_813.7_김192ㅍ__
1354,어떻게 살 것인가. ,최재목,_816_최73ㅇ__
1355,딸기토마토호박감귤. ,"김근영, 김향수",_813.7_김17ㄸ__
1356,크리스마스 날  하늘 마을에서 온 택배. ,"김경미 글,김무연 그림",_813.8_김14ㅎ__
1357,깬다. ,서동찬,_813.7_서25ㄲ__
1358,엄마 치타 사만다. ,"최광식,서재희 글,서미경 그림",_813.7_최15ㅇ__
1359,그들은 바다에서 왔다. ,국지호,_813.7_국78ㄱ__
1360,할복. ,"리샤르 콜라스,옮긴이: 이주영",_863_리53ㅎ__
1361,비눗방울 퐁. ,이유리 지음,_813.7_이66ㅂ__
1362,부적격자의 차트. ,연여름,_813.7_연64ㅂ__
1363,너를 기억하는 풍경. ,손홍규,_813.7_손95ㄴ__
1364,"아무튼,  라디오:우리는 내내 외로울 것이나. ",이애월 지음,_818_이63ㅇ__
1365,디카페인 커피와 무알코올 맥주. ,"조우리,이영채 그림",_813.7_조66ㄷ__
1366,나는 닭. ,"정이립 글,심보영 그림",_813_정68ㄴ__
1367,그레그 이야기  : 눈물의 출처. ,박주현 글·그림,_810_박76ㄱ__
1368,우리 반 익명 게시판. ,"신은영 글,심윤정 그림",_813.7_신67ㅇ__
1369,상실의 고고학  : 자식은 부모를 얼마나 돌봐야 하는가?. ,"마렌 부어스터,옮긴이: 이은주",_854_마294ㅅ__
1370,행운이 구르는 속도. ,"김성운 지음,김성라 그림",_808_사14__
1371,숲속 가든. ,"한윤섭 글,김동성 그림",_813.7_한66ㅅ__
1372,리무진의 여름. ,권석,_813.7_권54ㄹ__
1373,나를 좋아하게 된 친구에게. ,"하선영 글,예란 그림",_813.7_하54ㄴ__
1374,"티슈,  손 내밀고 있는 하얀 손수건. ","이재순 동시,최유정 그림",_811.8_이73ㅌ__
1375,나의 로스 앤젤레스 . ,이근미,_813.7_청55__
1376,네보의 푸른 책 : 마논 스테판 로스 장편소설. ,"마논 스테판 로스 지음,강나은 옮김",_892_마195ㄴ__
1377,호시 너에게 건네는 바통. ,"진선미,양수현,이혜미 공글,어수현 그림",_808_진54ㅎ__
1378,"가야,  새로운 하늘을 여는 아이들. ","유행두 글,원유미 그림",_813.7_유93ㄱ__
1379,"설탕으로 만든 집,전자자료. ","박현정 지음,이영주 그림",_813.7_박94ㅅ__
1380,오키나와 소년 군부 태오. ,남경희 지음,_813.7_남14ㅇ__
1381,지퍼와 꼬마 기관차. ,"권오삼 시,이한재 그림",_811_권65ㅈ__
1382,내가 할배냥. ,"홍민정 글,하민석 그림",_813.7_홍38ㄴ__
1383,대나무에 꽃이 피면  : 아물지 않는 상처 6.25전쟁. 25 전쟁,"고수산나 글,이갑규 그림",_911_근94__
1384,"고종 황제의 비밀 지령  : 헤이그 특사,  을사조약 무효를 주장하다. ","이규희 글,정진희 그림",_911_근94__
1385,"백두 영웅 전설. 1, 영웅 흰달",임정자,_813.7_임74ㅂ_1_
1386,"검은 소,  깜산. ","은경 글,장선환 그림",_813.7_은14ㄱ__
1387,108요괴의 수염. ,"김동식 글,조성흠 그림",_813.7_김25ㅂ__
1388,탈탈탈 노트. ,"임지형, 김이주",_813.7_임78ㅌ__
1389,아리타의 조선 도공 백파선. ,"한정기 글,김태현 그림",_813.8_한74ㅇ__
1390,나는 언니가 좋아요. ,"신현이 지음,정주희 그림",_813.8_신94ㄴ__
1391,나의 챔피언 런트. ,"크레이그 실비 지음,고정아 옮김",_843_크294ㄴ__
1392,"가인,  홍단영. ",이은비,_813.7_이67ㄱ__
1393,나는 왜 제대로 못 읽을까  : 문해력을 키우기 위한 단편 읽기. ,나예 지음,_029_나64ㄴ__
1394,"(따로 또 같이) 고시원,  삽니다  : 경제적 자유를 위해 고시원을 운영하며 깨달은 것들. ",진담 지음,_818_진22ㄱ__
1395,내가 너를 바꿀 수 있다는 착각. ,이성찬 지음,_181.71_이54ㄴ__
1396,그것을 이해해야 한다. ,박춘 지음,_814.7_박85ㄱ__
1397,나무를 훔친 남자 . ,양지윤,_813.7_양78ㄴ__
1398,도깨비 복덕방 : 신비한 공간을 빌려드립니다. ,도선우 지음.,_813.7_도54ㄷ__
1399,돼지의 피. ,나연만,_813.7_나64ㄷ__
1400,삶과 죽음의 경계에서  : 히포크라테스의 후예에게 고함. ,곽경훈 지음,_510_곽14ㅅ__
1401,까멜리아 싸롱. ,"고수리,일러스트: 하이쑤",_813.7_고56ㄲ__
1402,이름 없는 여자의 여덟 가지 인생. ,"이미리내,옮긴이: 정해영",_843_이38ㅇ__
1403,내 핑계는 천문학이야. ,조승현 지음,_440.4_조57ㄴ__
1404,해피 메리 루빛뚱. ,"공수경 동화,보람 그림",_813.7_공56ㅎ__
1405,내가 가진 오늘을 살아갑니다 . ,"케이트 보울러 지음,서지희 옮김",_513_케68ㄴ__
1406,알레한드라 김의 가면 증후군과 솔직한 고백. ,"패트리샤 박 지음,신혜연 옮김",_843.6_패887ㅇ__
1407,영원한 천국 . ,정유정,_813.7_정66ㅇ__
1408,해가 죽던 날 . ,"옌롄커,옮긴이: 김태성",_823_옌294ㅎ__
1409,들개왕. ,"곽영미 지음,해랑 그림",_813.7_곽64ㄷ__
1410,스파클. ,최현진,_813.7_최94ㅅ__
1411,검지의 힘. ,이선주,_813.7_이54ㄱ__
1412,난다할머니 고민 상담소. ,"윤미경 글,할미잼 그림",_813.7_윤38ㄴ__
1413,괴물이 될 테야. ,"홍일표 시,배도하 그림",_811_홍68ㄱ__
1414,해방자들. ,"고은지,옮긴이: 장한라",_843_고67ㅎ__
1415,어떤 어른. ,김소영 지음,_818_김55ㅇ__
1416,진공 붕괴. ,해도연,_813.7_해25ㅈ__
1417,데미안 프로젝트. ,정여울 지음,_818_정64ㄷ__
1418,너의 오른발은 어디로 가니 : 돌봄 소설집. ,"강석희,김다노,백온유,위해준,전앤,최영희,황보나 지음",_813.7_강54ㄴ__
1419,파도의 아이들. ,정수윤,_813.7_정56ㅍ__
1420,신간 호르몬 체인지. ,최정화 지음,_813.6_최74ㅅ__
1421,"연중마감,  오늘도 씁니다 : 생계형 글쓰기. ",김현정 지음,_802_김94ㅇ__
1422,런던라사 삐에르의 세련된 옷차림. ,박혜지,_813.7_박94ㄹ__
1423,두리안의 맛. ,김의경,_813.7_김67ㄷ__
1424,죽음의 바느질 클럽. ,복태와 한군,_592_복883ㅈ__
1425,오래된 책들의 메아리. ,"바버라 데이비스,옮긴이: 박산호",_843_바44ㅇ__
1426,더 씻김  : 진도의 언어로 피어난 레퀴엠. ,채선후 지음,_388_채54ㄷ__
1427,도망친 곳에 낙원이 있었다. ,"그랜트 린즐리 지음,백지선 옮김",_220_그293ㄷ__
1428,내일의 엔딩. ,김유나 지음,_813.7_김66ㄴ__
1429,친애하는 나의 종말. ,신주희,_813.7_신76ㅊ__
1430,당신이 뉴욕에 산다면 멋질 거예요  : 사진이 품고 있는 기억과 마음. ,김창길 지음,_660_김82ㄷ__
1431,나는 세계와 맞지 않지만. ,진은영,_809_진67ㄴ__
1432,골동골동한 나날 : 젊은 수집가의 골동품 수집기. ,박영빈 지음,_606_박64ㄱ__
1433,3월의 마치. ,정한아,_813.7_정92ㅅ__
1434,"안의,  별사. ",정길연 지음,_813.7_정18ㅇ__
1435,참 좋았더라 : 이중섭의 화양연화. ,김탁환,_813.6_김882ㅊ__
1436,태어나는 말들  : 우리의 고통이 언어가 될 때. ,조소연,_818_조55ㅌ__
1437,칩리스. ,김선미,_813.7_김54ㅊ__
1438,베리 따는 사람들. ,"아만다 피터스 지음,신혜연 옮김",_843_아32ㅂ__
1439,파출소를 구원하라. ,원도,_813.7_원25ㅍ__
